Time,EcoregionName,EcoregionIndex,NumSites,NEEC,SOMTC,AGB,AG_NPPC,BG_NPPC,Litterfall,AgeMortality,MineralN,TotalN,GrossMineralization,C_Leaf,C_FRoot,C_Wood,C_CRoot,C_DeadWood,C_DeadCRoot,C_DeadLeaf_Struc,C_DeadLeaf_Meta,C_DeadFRoot_Struc,C_DeadFRoot_Meta,C_SOM1surf,C_SOM1soil,C_SOM2,C_SOM3,N_Leaf,N_FRoot,N_Wood,N_CRoot,N_DeadWood,N_DeadCRoot,N_DeadLeaf_Struc,N_DeadLeaf_Meta,N_DeadFRoot_Struc,N_DeadFRoot_Meta,N_SOM1surf,N_SOM1soil,N_SOM2,N_SOM3,SurfStrucNetMin,SurfMetaNetMin,SoilStrucNetMin,SoilMetaNetMin,SOM1surfNetMin,SOM1soilNetMin,SOM2NetMin,SOM3NetMin,TotalNdep,StreamC,StreamN,FireCEfflux,FireNEfflux,Nuptake,Nresorbed,TotalSoilN,Nvol,FrassC,
0, MN101, 1, 10773, 0, 3719.1, 6346.1, 16.9, 4.8, 6.6, 5.7, 29.94, 341.4, 0.5, 31.3, 8.2, 2953.3, 605.3, 889.7, 194.8, 59.8, 38.2, 50.5, 14.8, 96.5, 152, 1925.6, 1545.1, 0.8, 0.2, 10.2, 10.8, 2.9, 3.4, 0.3, 1.2, 0.2, 0.8, 3.5, 16.3, 77.3, 183.4, 0.1, -0.3, 0, 0.1, 1.1, 1.6, -0.5, 0, 6.33, 0, 0.01, 0, 0, 0.3, 0.1, 312.9, 0.04, 0, 
0, MN102, 2, 8590, 0, 8288.7, 4032.9, 14.1, 3.9, 5.1, 5.2, 15.27, 676.7, 0.5, 27.9, 8, 1869.8, 384, 588.9, 131.6, 39.2, 20.1, 29.7, 8.3, 58, 47.7, 4862.1, 3320.9, 0.8, 0.2, 5.2, 6.8, 1.6, 2.3, 0.2, 0.6, 0.1, 0.5, 2, 5.5, 244.3, 391.1, 0, -0.1, 0, 0, 0.6, 1.3, -0.1, 0, 8.72, 0.07, 0.14, 0, 0, 0.2, 0.1, 659.6, 0.03, 0, 
0, MN103, 3, 8809, 0, 5713.5, 4012.3, 12, 3.3, 4.5, 4.3, 12.04, 451.3, 0.3, 30.6, 8.1, 1857.3, 384.1, 604.5, 132.5, 40.1, 20.8, 27.7, 8.1, 57.9, 35.3, 3452.8, 2167.5, 0.8, 0.2, 5.4, 6.7, 1.7, 2.3, 0.2, 0.7, 0.1, 0.5, 2, 3.9, 159.5, 255.2, 0, -0.1, 0, 0, 0.6, 1, -0.1, 0, 7.38, 0.02, 0.08, 0, 0, 0.2, 0.1, 434.1, 0.02, 0, 
0, MN104, 4, 5138, 0, 4913.9, 5650.5, 21.8, 5.8, 8.7, 7.5, 8.24, 344.1, 0.5, 70.6, 15.8, 2587.7, 553.8, 965.5, 200.8, 67.8, 32.2, 30.9, 10.3, 79.5, 37.6, 3247.6, 1549.1, 1.7, 0.4, 6.7, 8.7, 2.4, 3.1, 0.3, 1.1, 0.2, 0.5, 2.9, 3.5, 121.9, 182.4, 0.1, -0.2, 0, 0.1, 0.9, 0.9, -0.2, 0, 10.55, 0.01, 0.06, 0, 0, 0.3, 0.1, 321.1, 0.02, 0, 
0, MN200, 5, 7713, 0, 2691.8, 4660.5, 15.2, 4.4, 5.8, 5.1, 22.56, 252, 0.5, 29.6, 8, 2162.9, 444.4, 621.7, 138.3, 45.5, 26.4, 36, 10.2, 67, 59.1, 1287.8, 1277.8, 0.8, 0.2, 6.6, 7.8, 1.8, 2.4, 0.2, 0.8, 0.2, 0.6, 2.5, 6.4, 48.2, 150.8, 0, -0.2, 0, 0.1, 0.8, 1.5, -0.5, 0, 7.25, 0.01, 0.08, 0, 0, 0.3, 0.1, 232.3, 0.04, 0, 
0, MN201, 6, 42783, 0, 5650, 5189.3, 7.7, 2.1, 3, 2.5, 11.31, 423, 0.2, 33.4, 8.8, 2407.7, 494.8, 716.4, 160.9, 52.1, 30.5, 40.1, 11.2, 75.8, 52.1, 3622.6, 1899.5, 0.9, 0.3, 7.2, 8.6, 2.1, 2.8, 0.3, 1, 0.2, 0.6, 2.9, 5.1, 156.1, 223.8, 0, -0.2, 0, 0.1, 0.9, 0.9, -0.1, 0, 3.36, 0.01, 0.02, 0, 0, 0.1, 0.1, 401.2, 0.01, 0, 
0, MN202, 7, 17504, 0, 5789, 4265.9, 11.2, 3.1, 4.4, 3.6, 11.66, 451.8, 0.3, 31.8, 8, 1975.1, 411.8, 616.5, 132, 45, 24.6, 31.3, 9.4, 63.2, 40, 3545.7, 2140.1, 0.8, 0.2, 5.8, 7.2, 1.7, 2.2, 0.2, 0.8, 0.2, 0.5, 2.3, 4.1, 162, 252, 0, -0.2, 0, 0.1, 0.7, 1, -0.1, 0, 5.04, 0.01, 0.05, 0, 0, 0.2, 0.1, 433.8, 0.01, 0, 
0, MN203, 8, 1202, 0, 2088.1, 4054.5, 17.5, 4.8, 6.7, 5.8, 23.28, 197.9, 0.6, 29.6, 7.9, 1878.4, 387.5, 551, 125.3, 38, 20.3, 29.4, 8.3, 56.2, 34.6, 989.6, 1007.7, 0.8, 0.2, 5.5, 6.9, 1.6, 2.2, 0.2, 0.6, 0.1, 0.5, 1.9, 3.9, 31.3, 118.7, 0, -0.1, 0, 0, 0.6, 1.5, -0.5, 0, 10.24, 0.01, 0.14, 0, 0, 0.3, 0.1, 180.6, 0.06, 0, 
0, MN204, 9, 14335, 0, 3919.9, 3594.6, 9.5, 2.6, 3.7, 3.2, 14.85, 300.2, 0.3, 36.7, 9, 1654.9, 347.5, 554.5, 120.4, 39.5, 20.1, 23.9, 7.2, 51.9, 24.2, 2462, 1381.8, 0.9, 0.3, 4.5, 5.8, 1.4, 2, 0.2, 0.7, 0.1, 0.4, 1.9, 2.5, 102, 162.7, 0, -0.1, 0, 0, 0.6, 0.9, -0.1, 0, 5.91, 0.01, 0.06, 0, 0, 0.2, 0.1, 285.4, 0.02, 0, 
0, MN300, 10, 8832, 0, 2774.9, 5145.9, 18.9, 5.3, 7.2, 6.5, 30.48, 261.7, 0.6, 39.2, 10.3, 2381.5, 490.8, 699.5, 158.2, 52.4, 28.9, 38.7, 10.7, 74.4, 63.2, 1393.1, 1244.3, 1.1, 0.3, 6.9, 8.6, 2, 2.8, 0.3, 0.9, 0.2, 0.6, 2.8, 7.1, 51, 146.8, 0, -0.2, 0, 0, 0.9, 1.7, -0.6, 0, 8.44, 0, 0.06, 0, 0, 0.3, 0.1, 240.1, 0.05, 0, 
0, MN301, 11, 41134, 0, 5539.5, 5790.3, 9.2, 2.5, 3.6, 3, 13.95, 409.2, 0.2, 39.1, 10.2, 2684.5, 552.2, 791, 177.5, 58.3, 33.1, 43.1, 12.1, 82.7, 47.3, 3599.4, 1810.2, 1.1, 0.3, 8, 9.5, 2.3, 3, 0.3, 1.1, 0.2, 0.7, 3.1, 4.6, 147.9, 213.2, 0.1, -0.2, 0, 0.1, 1, 1.1, -0.2, 0, 3.66, 0, 0.02, 0, 0, 0.1, 0.1, 385, 0.01, 0, 
0, MN302, 12, 61583, 0, 8006.7, 3895.4, 6.2, 1.7, 2.3, 2.3, 13.85, 653.4, 0.2, 27.8, 7.6, 1805.2, 373.2, 563.9, 123.9, 37.1, 19.5, 27.2, 7.7, 54.9, 46.1, 4670.5, 3235.1, 0.8, 0.2, 5.2, 6.5, 1.6, 2.1, 0.2, 0.6, 0.1, 0.4, 2, 5.2, 233.6, 381, 0, -0.1, 0, 0, 0.6, 1.2, -0.1, 0.1, 3.49, 0.03, 0.05, 0, 0, 0.1, 0, 637, 0.01, 0, 
0, MN303, 13, 10582, 0, 5679.3, 4958.3, 17.6, 4.8, 6.9, 5.8, 13.59, 434.8, 0.5, 49.3, 11.9, 2283.3, 478.5, 721, 156.1, 53.9, 27.5, 32.6, 9.7, 70.1, 40.2, 3553.4, 2015.5, 1.2, 0.3, 6.2, 8, 1.9, 2.6, 0.3, 0.9, 0.2, 0.5, 2.7, 4.2, 154.8, 237.3, 0, -0.2, 0, 0, 0.9, 1.1, -0.2, 0, 8.17, 0.01, 0.06, 0, 0, 0.3, 0.1, 414.5, 0.02, 0, 
0, MN304, 14, 29110, 0, 3098.2, 6030.8, 13.1, 3.5, 5.3, 4.3, 12.92, 265, 0.4, 56.8, 13.5, 2780, 584.6, 951.4, 202.7, 67.6, 35.3, 39.1, 11.8, 85.2, 70.2, 1558.6, 1384.2, 1.4, 0.4, 7.6, 9.4, 2.4, 3.2, 0.3, 1.2, 0.2, 0.6, 3.3, 7.3, 51.5, 163.3, 0.1, -0.2, 0, 0.1, 1.1, 1.9, -0.7, 0, 5.15, 0.01, 0.05, 0, 0, 0.2, 0.1, 240.6, 0.01, 0, 
0, MN400, 15, 1544, 0, 6148.2, 5461, 19.8, 5.8, 7.8, 6.2, 12.06, 468.6, 0.5, 69.6, 15.9, 2499.5, 520.4, 625.3, 141, 69.4, 35.9, 39.4, 11.5, 79.5, 46.7, 3888.7, 2133.3, 1.7, 0.4, 6.7, 8.3, 1.7, 2.2, 0.4, 1.3, 0.2, 0.6, 3.6, 4.8, 173.6, 251.1, 0.1, -0.2, 0, 0, 1.2, 1.3, -0.2, 0, 5.95, 0.01, 0.04, 0, 0, 0.3, 0.2, 447.7, 0.01, 0, 
0, MN401, 16, 15305, 0, 3537, 5310.1, 12.5, 3.5, 4.8, 4.1, 30.58, 339.1, 0.4, 31, 8.6, 2466.9, 504.1, 711.9, 160.9, 51.9, 30.2, 41, 11.4, 76.9, 66.1, 1602, 1791.9, 0.9, 0.3, 7.4, 8.8, 2.1, 2.8, 0.3, 1, 0.2, 0.6, 3, 7.4, 62.6, 211.3, 0, -0.2, 0, 0.1, 1, 2.1, -0.6, 0, 5.24, 0, 0.07, 0, 0, 0.2, 0.1, 316.9, 0.03, 0, 
0, MN402, 17, 27990, 0, 7785, 3586, 7.3, 2, 2.8, 2.5, 14.93, 635.5, 0.2, 30.5, 7.5, 1656.7, 349.7, 576.7, 121.4, 37.6, 18.7, 22.5, 6.9, 52.6, 42.1, 4503.8, 3186.6, 0.8, 0.2, 4.7, 5.9, 1.5, 2, 0.2, 0.6, 0.1, 0.4, 2, 4.7, 222.4, 375.2, 0, -0.1, 0, 0, 0.6, 1.2, -0.1, 0, 3.91, 0.01, 0.06, 0, 0, 0.1, 0.1, 620.5, 0.01, 0, 
0, MN403, 18, 1292, 0, 2102.8, 4999.5, 16.4, 4.5, 6.4, 5.6, 16.82, 183.2, 0.5, 44.8, 11.2, 2307.7, 482.8, 806.3, 179.6, 51.3, 26.3, 30.8, 9.3, 70.7, 40.7, 1074, 917.4, 1.2, 0.3, 6.2, 8.1, 2.1, 3, 0.3, 0.9, 0.2, 0.5, 2.4, 4.5, 28.7, 108.2, 0, -0.2, 0, 0, 0.8, 1.6, -0.7, 0, 8.89, 0.01, 0.08, 0, 0, 0.3, 0.1, 162.4, 0.03, 0, 
0, MN404, 19, 108539, 0, 2452.8, 5047.3, 6, 1.6, 2.4, 2, 12.41, 208.9, 0.2, 50, 12, 2324.4, 486.5, 772.4, 169.1, 57.2, 29.7, 33.7, 10.1, 72.4, 52.1, 1256.1, 1072.2, 1.2, 0.3, 6.3, 7.9, 2, 2.7, 0.3, 1, 0.2, 0.5, 2.8, 5.4, 39.3, 126.5, 0, -0.2, 0, 0.1, 0.9, 1.6, -0.6, 0, 2.73, 0.01, 0.02, 0, 0, 0.1, 0, 188.3, 0.01, 0, 
0, MN500, 20, 55, 0, 4229.3, 7079.7, 25, 7.2, 9.5, 7.6, 25.18, 395.3, 0.9, 29, 8.5, 3300.9, 686.6, 901.7, 200.4, 74.8, 39, 46, 13.2, 91.2, 77, 1875.6, 2185.5, 0.9, 0.2, 10.3, 11.1, 2.5, 3.3, 0.4, 1.4, 0.2, 0.7, 3.7, 8.5, 69.1, 257.7, 0.1, -0.2, 0, 0.1, 1.3, 2.6, -0.8, 0, 8.21, 0.01, 0.15, 0, 0, 0.5, 0.2, 366.9, 0.07, 0, 
0, MN504, 21, 14401, 0, 3124, 6144.1, 14.1, 3.9, 5.5, 4.6, 19.13, 276.6, 0.5, 44.9, 12, 2845.2, 584.4, 831, 188.5, 65.4, 35.9, 43.8, 12.2, 85.6, 64.4, 1553.9, 1420.1, 1.2, 0.3, 8.1, 9.5, 2.3, 3.1, 0.3, 1.3, 0.2, 0.7, 3.4, 6.9, 52.8, 167.5, 0.1, -0.2, 0, 0.1, 1.2, 2.1, -0.7, 0, 5.13, 0.01, 0.06, 0, 0, 0.2, 0.1, 252.2, 0.02, 0, 
10, MN101, 1, 10773, -95.5, 3851.6, 6854.5, 167.6, 48.9, 63.8, 27.1, 26.33, 340.5, 5.1, 47.1, 12, 3176.2, 651.5, 898.3, 240, 63.5, 40.9, 51, 15.7, 100.4, 163.8, 2040, 1547.4, 1.2, 0.3, 10.9, 11.6, 2.9, 4.2, 0.3, 1.2, 0.3, 0.9, 3.5, 16.9, 76, 183.8, 0.1, -0.3, 0, 0.2, 1.1, 1.7, -0.7, 0, 6.89, 0, 0, 1.1, 0, 2.6, 1.4, 309.3, 0.31, 0, 
10, MN102, 2, 8590, -58.1, 8358.3, 4596.4, 102.5, 28.7, 34.1, 18.9, 13.8, 672, 3.4, 41.4, 11.2, 2121, 435.8, 591.1, 154.8, 41.7, 21.8, 31.4, 8.5, 60.9, 47.7, 4936, 3313.7, 1.1, 0.3, 5.9, 7.7, 1.6, 2.7, 0.2, 0.7, 0.2, 0.5, 2, 5.4, 239.4, 390.3, 0, -0.2, 0, 0, 0.7, 1.3, -0.2, 0, 6.88, 0.65, 0.75, 1.3, 0, 1.7, 0.7, 652.5, 0.16, 0, 
10, MN103, 3, 8809, -60.9, 5840, 4427.7, 101.6, 28.2, 35.8, 18.1, 10.69, 449, 2.8, 44.3, 11.2, 2038.6, 421.8, 613.1, 161.5, 41.9, 22.4, 28.9, 8.4, 61.1, 36.5, 3579.7, 2162.7, 1.1, 0.3, 5.9, 7.3, 1.7, 2.8, 0.2, 0.7, 0.1, 0.5, 2, 3.8, 157.1, 254.7, 0, -0.2, 0, 0.1, 0.7, 1, -0.2, 0, 6.89, 0.27, 0.58, 0.5, 0, 1.6, 0.7, 429.8, 0.13, 0, 
10, MN104, 4, 5138, -94.7, 5142.2, 6267.9, 143.5, 37.1, 55.2, 24.3, 6.78, 345, 3.2, 99.1, 21.8, 2849.1, 608.7, 965.2, 237.4, 68.2, 33.4, 32, 10.7, 80.9, 39.5, 3475.8, 1546, 2.3, 0.6, 7.4, 9.7, 2.4, 3.7, 0.3, 1.1, 0.2, 0.5, 2.9, 3.4, 121.7, 182.1, 0.1, -0.2, 0, 0.1, 0.9, 0.9, -0.2, 0, 6.88, 0.15, 0.37, 3, 0, 2.1, 0.8, 319, 0.08, 0, 
10, MN200, 5, 7713, -89.7, 2754.2, 5704.2, 143.3, 41.3, 50, 22.1, 19.36, 250.4, 4.2, 46.9, 12.8, 2636, 540.9, 608.5, 152.1, 52.5, 31.2, 40.9, 11.8, 73, 63.5, 1341.6, 1276.1, 1.3, 0.4, 8.1, 9.5, 1.8, 2.6, 0.3, 1, 0.2, 0.7, 2.8, 6.7, 45.1, 150.6, 0, -0.2, 0, 0.1, 0.9, 1.7, -0.6, 0, 6.46, 0.15, 0.62, 1.2, 0, 2.3, 1.1, 226.7, 0.23, 0, 
10, MN201, 6, 42783, -99.4, 5865.2, 5924.7, 143.6, 41.1, 51.2, 23.1, 9.87, 423.9, 3.4, 49.7, 13, 2736.8, 562.4, 704.9, 184.8, 53.9, 31.7, 40.5, 11.5, 77, 53.7, 3838.6, 1895.9, 1.3, 0.4, 8.2, 9.7, 2, 3.2, 0.3, 1, 0.2, 0.6, 2.8, 5, 156, 223.4, 0, -0.2, 0, 0.2, 0.9, 0.9, -0.1, 0, 6.46, 0.16, 0.42, 1.8, 0, 2.1, 1.1, 399.1, 0.11, 0, 
10, MN202, 7, 17504, -83.7, 5936, 4940, 125.5, 35, 46.3, 18.5, 10.45, 450.9, 3.2, 47.9, 11.9, 2275.6, 474, 626.2, 154.6, 48.3, 26.9, 32.8, 10.1, 66.2, 40.7, 3693.8, 2135.5, 1.2, 0.3, 6.7, 8.3, 1.7, 2.6, 0.2, 0.9, 0.2, 0.6, 2.3, 4, 159.9, 251.5, 0, -0.2, 0, 0.1, 0.8, 1, -0.1, 0, 6.45, 0.16, 0.61, 2.2, 0, 1.9, 1, 430, 0.12, 0, 
10, MN203, 8, 1202, -65.4, 2129.3, 4661.8, 113.9, 31.7, 37, 17.8, 20.7, 195.5, 3.5, 50, 13.7, 2143.2, 442.4, 554.9, 149.2, 42.2, 22.3, 31.9, 8.9, 60.1, 36.9, 1026.5, 1005.8, 1.4, 0.4, 6.3, 7.9, 1.6, 2.6, 0.2, 0.7, 0.2, 0.5, 2, 4, 28.4, 118.5, 0, -0.2, 0, 0, 0.7, 1.6, -0.7, 0, 6.48, 0.12, 0.61, 2.2, 0, 1.8, 0.8, 175.3, 0.25, 0, 
10, MN204, 9, 14335, -69.6, 4049.7, 4104.2, 104.3, 28.3, 36, 15.5, 13.16, 299.1, 2.6, 56.1, 13.8, 1874.8, 393.3, 556, 144.4, 42.5, 21.9, 26.2, 7.7, 54, 24.4, 2592.6, 1378.7, 1.4, 0.4, 5.1, 6.5, 1.4, 2.4, 0.2, 0.7, 0.1, 0.4, 2, 2.4, 100.5, 162.3, 0, -0.1, 0, 0, 0.7, 0.9, -0.2, 0, 6.42, 0.11, 0.56, 1.7, 0, 1.6, 0.6, 281.9, 0.16, 0, 
10, MN300, 10, 8832, -99.1, 2851.7, 6061.8, 159.1, 45.4, 58.1, 24.6, 24.7, 257.5, 4.7, 56.9, 14.5, 2794.1, 575.5, 684.6, 184, 59.6, 34.5, 43.8, 12.7, 79.8, 68.2, 1461.1, 1242.5, 1.5, 0.4, 8.1, 10, 1.9, 3.2, 0.3, 1.1, 0.2, 0.7, 3, 7.4, 48.2, 146.6, 0.1, -0.2, 0, 0.1, 1, 1.9, -0.7, 0, 6.97, 0.07, 0.56, 0.7, 0, 2.5, 1.2, 232.3, 0.29, 0, 
10, MN301, 11, 41134, -119.9, 5792, 6661.7, 168.5, 48, 61.9, 25.9, 10.84, 409.5, 3.8, 57.5, 14.6, 3075.5, 632.9, 778.4, 206.2, 62.9, 36.3, 45, 13.3, 86.1, 50, 3849.2, 1806.6, 1.5, 0.4, 9.2, 10.9, 2.2, 3.5, 0.3, 1.2, 0.2, 0.7, 3.2, 4.6, 147.9, 212.8, 0.1, -0.2, 0, 0.2, 1.1, 1.1, -0.2, 0, 6.97, 0.08, 0.46, 1.8, 0, 2.5, 1.3, 381.8, 0.13, 0, 
10, MN302, 12, 61583, -64.5, 8076.7, 4494.1, 109.2, 30.7, 39.1, 17.9, 12.84, 649.3, 3.4, 41.1, 10.6, 2073, 428.2, 574.4, 144.5, 41.6, 22.9, 30.1, 8.7, 59, 46.4, 4743.5, 3227.8, 1.1, 0.3, 6, 7.5, 1.6, 2.5, 0.2, 0.7, 0.1, 0.5, 2, 5.1, 228.6, 380.2, 0, -0.2, 0, 0, 0.7, 1.3, -0.1, 0.1, 6.95, 0.62, 0.77, 2.4, 0, 1.8, 0.8, 630.3, 0.15, 0, 
10, MN303, 13, 10582, -104.1, 5865.4, 5872.6, 149.4, 40.7, 56.1, 22.9, 11.17, 434.1, 3.5, 73.4, 17.2, 2688.7, 563.4, 706.5, 178.4, 60.5, 32, 36.1, 11.2, 73.9, 40.9, 3739.6, 2011.1, 1.8, 0.5, 7.3, 9.4, 1.8, 3, 0.3, 1.1, 0.2, 0.6, 2.8, 4, 153.3, 236.8, 0.1, -0.2, 0, 0.1, 0.9, 1.1, -0.2, 0, 6.96, 0.12, 0.48, 1.4, 0, 2.2, 1, 410.3, 0.13, 0, 
10, MN304, 14, 29110, -98.2, 3183.7, 6680.5, 168.9, 46.5, 64, 25.6, 10.46, 263.1, 4.9, 78.8, 18.4, 3063, 642.5, 977, 245.2, 69.7, 37.4, 40.9, 12.7, 88.1, 74.9, 1638.5, 1382.3, 1.9, 0.5, 8.5, 10.4, 2.5, 3.8, 0.4, 1.3, 0.2, 0.7, 3.3, 7.5, 48.7, 163.1, 0.1, -0.2, 0, 0.1, 1.1, 1.9, -0.9, 0, 6.95, 0.23, 0.57, 3.3, 0, 2.5, 1.2, 235.5, 0.12, 0, 
10, MN400, 15, 1544, -139.2, 6395.8, 6849.9, 193, 51.3, 73.2, 23.6, 9.3, 469.9, 4.5, 117.2, 26.3, 3104.7, 648.2, 741, 176.9, 83.8, 43.2, 43, 13, 89.1, 45.1, 4133, 2128.5, 2.8, 0.7, 8.1, 10.3, 1.9, 2.8, 0.4, 1.5, 0.2, 0.7, 3.8, 4.6, 172.3, 250.6, 0.1, -0.3, 0, 0.1, 1.3, 1.4, -0.2, 0, 6.47, 0.08, 0.42, 14.4, 0.1, 2.7, 1.1, 443.3, 0.11, 0, 
10, MN401, 16, 15305, -101.1, 3575.9, 6363.5, 168.9, 48.9, 60.2, 24.2, 25.68, 333.4, 5.4, 47.7, 13.1, 2945.2, 601.5, 694.8, 186.9, 61, 35.9, 47.2, 13.4, 83.9, 69.8, 1633.5, 1788.7, 1.4, 0.4, 8.9, 10.5, 2, 3.2, 0.3, 1.2, 0.2, 0.8, 3.2, 7.6, 57, 211, 0.1, -0.2, 0, 0.1, 1.1, 2.2, -0.8, 0, 6.66, 0.1, 0.83, 1.5, 0, 2.8, 1.3, 307, 0.3, 0, 
10, MN402, 17, 27990, -52.3, 7836, 3820, 99.2, 27, 37, 14.4, 14.4, 629.8, 3.3, 43.4, 10.5, 1753.5, 368.9, 650.6, 156.6, 39.6, 20.3, 24, 7.4, 55, 39.6, 4562.5, 3178.8, 1.1, 0.3, 5, 6.2, 1.7, 2.6, 0.2, 0.7, 0.1, 0.4, 1.8, 4.3, 216.7, 374.4, 0, -0.1, 0, 0, 0.6, 1.3, -0.2, 0.1, 6.64, 0.31, 0.92, 2.9, 0, 1.6, 0.8, 612.9, 0.17, 0, 
10, MN403, 18, 1292, -49.6, 2238.9, 4706.4, 119.4, 33, 41.2, 16.6, 15.05, 181.9, 3.9, 53.5, 13.7, 2160.7, 448.1, 1127.8, 257.7, 46.2, 24.5, 31.2, 8.8, 81, 45.4, 1196.8, 915.7, 1.5, 0.4, 5.9, 7.7, 2.9, 4.3, 0.2, 0.8, 0.2, 0.5, 2.3, 4.7, 27.6, 108, 0, -0.2, 0, 0.1, 0.8, 1.8, -0.9, 0, 6.61, 0.14, 0.54, 1.4, 0, 2, 0.8, 159.3, 0.18, 0, 
10, MN404, 19, 108539, -77, 2550.6, 5423.8, 142.5, 39.2, 52, 19.9, 10.22, 207.2, 4.2, 68.2, 16.4, 2482.8, 517.9, 905, 220.8, 58.2, 30.7, 35, 10.3, 78.8, 56.4, 1344.7, 1070.7, 1.7, 0.4, 6.8, 8.4, 2.3, 3.5, 0.3, 1, 0.2, 0.6, 2.8, 5.5, 37, 126.3, 0, -0.2, 0, 0.1, 1, 1.7, -0.8, 0, 6.61, 0.22, 0.55, 2.4, 0, 2.2, 0.9, 183.9, 0.12, 0, 
10, MN500, 20, 55, -130.1, 4316.3, 8353.8, 214.8, 64, 81.8, 40.2, 17.86, 389.2, 6.9, 34.5, 11.1, 3894, 806.4, 981.8, 228, 81.7, 45.9, 54.3, 15.2, 104.6, 82.9, 1947.5, 2181.4, 1.1, 0.3, 12.5, 12.8, 2.8, 3.9, 0.4, 1.7, 0.3, 0.9, 4.2, 9, 64.2, 257.3, 0.1, -0.3, 0, 0.1, 1.5, 2.8, -1, 0, 6.64, 0.17, 0.82, 36.5, 0.2, 4.2, 1.9, 355.8, 0.21, 0, 
10, MN504, 21, 14401, -120.9, 3202.1, 7289.8, 193.2, 55.7, 70.1, 28.9, 15.88, 274.4, 5.7, 65.4, 17.2, 3363, 688.5, 821.5, 215.4, 71.6, 40.8, 48.2, 13.6, 90.1, 68.6, 1625.7, 1417.8, 1.8, 0.5, 9.7, 11.2, 2.2, 3.5, 0.4, 1.4, 0.2, 0.8, 3.6, 7.1, 48.9, 167.3, 0.1, -0.2, 0, 0.1, 1.3, 2.2, -0.9, 0, 6.68, 0.21, 0.65, 3.5, 0, 3.1, 1.4, 245.5, 0.19, 0, 
20, MN101, 1, 10773, -106.7, 3984.3, 7511, 180, 52.5, 69, 29.7, 23.85, 342.4, 5.4, 49.3, 13.1, 3482.4, 714.3, 869.9, 268.6, 61.9, 39.2, 52.6, 14.9, 100.3, 174.4, 2159.4, 1550.1, 1.3, 0.4, 11.9, 12.7, 2.8, 4.7, 0.3, 1.2, 0.3, 0.8, 3.6, 17.8, 76.3, 184.3, 0.1, -0.3, 0, 0.2, 1.2, 1.8, -0.9, 0, 6.86, 0.07, 0.49, 0.1, 0, 2.6, 1.6, 308.4, 0.28, 0, 
20, MN102, 2, 8590, -93.3, 8431.8, 4967.4, 133.3, 37.6, 45.9, 20.3, 12.95, 667.5, 3.5, 43.1, 11.4, 2293.4, 471.1, 616.4, 178.7, 42.2, 23.5, 31.4, 9.3, 61.5, 48.6, 5014.9, 3306.8, 1.2, 0.3, 6.4, 8.4, 1.7, 3.1, 0.2, 0.8, 0.2, 0.5, 2, 5.4, 234.9, 389.5, 0, -0.2, 0, 0, 0.7, 1.3, -0.2, 0.1, 6.86, 0.96, 0.89, 1.7, 0, 2.2, 1, 646.4, 0.15, 0, 
20, MN103, 3, 8809, -89.1, 5957.9, 4572.7, 125.2, 35.1, 44.6, 18.5, 10.34, 447, 2.9, 44.8, 11.3, 2105.9, 436.4, 606.6, 191.6, 40.7, 22.7, 28.1, 8.7, 59.3, 37.7, 3702.9, 2158, 1.2, 0.3, 6.1, 7.6, 1.7, 3.3, 0.2, 0.7, 0.1, 0.5, 2, 3.8, 155, 254.2, 0, -0.1, 0, 0.1, 0.6, 1, -0.2, 0, 6.85, 0.47, 0.87, 0.6, 0, 1.9, 0.9, 426.8, 0.12, 0, 
20, MN104, 4, 5138, -120.7, 5381.3, 6807.1, 169.1, 44.4, 64.5, 26.9, 6.27, 347, 3.4, 102.5, 22.7, 3098.9, 661.5, 1004.1, 267.7, 69.1, 34.6, 33.5, 11.2, 84.3, 42.3, 3711.8, 1543, 2.4, 0.6, 8.2, 10.5, 2.5, 4.1, 0.3, 1.1, 0.2, 0.6, 3, 3.6, 121.9, 181.7, 0.1, -0.2, 0, 0.1, 1, 1, -0.3, 0, 6.86, 0.27, 0.54, 2.3, 0, 2.3, 1, 318.8, 0.07, 0, 
20, MN200, 5, 7713, -101.9, 2878.9, 5673.3, 165, 47.8, 61.6, 21.6, 17.39, 249.4, 4.5, 45.8, 12.7, 2622.4, 538, 832, 226.6, 52.2, 32.1, 41.9, 12.4, 84.7, 69.2, 1450.5, 1274.5, 1.3, 0.4, 8.1, 9.5, 2.4, 3.9, 0.3, 1, 0.2, 0.7, 2.8, 7.1, 43.7, 150.5, 0, -0.2, 0, 0.2, 0.9, 1.8, -0.8, 0, 6.71, 0.15, 1.1, 2.6, 0, 2.4, 1.4, 223.7, 0.21, 0, 
20, MN201, 6, 42783, -129.8, 6101.5, 6596.6, 174, 50.1, 66.7, 25.8, 8.67, 426.1, 3.7, 54.2, 14.4, 3047.9, 626.5, 723.8, 213.1, 58.4, 35.6, 44.2, 13, 81.7, 58.3, 4069, 1892.5, 1.5, 0.4, 9.1, 10.8, 2.1, 3.6, 0.3, 1.2, 0.2, 0.7, 3.1, 5.2, 156.2, 223, 0.1, -0.2, 0, 0.2, 1, 1, -0.2, 0, 6.7, 0.21, 0.58, 1.3, 0, 2.2, 1.5, 398.6, 0.1, 0, 
20, MN202, 7, 17504, -110.6, 6107.6, 5496.2, 152.9, 42.7, 59.5, 20.8, 9.01, 450.3, 3.4, 51.9, 13, 2532.9, 527.3, 672, 182.9, 52, 29.6, 35.4, 11.1, 70.9, 43.5, 3862.4, 2130.9, 1.4, 0.4, 7.5, 9.2, 1.9, 3.1, 0.3, 0.9, 0.2, 0.6, 2.5, 4.1, 158.2, 251, 0.1, -0.2, 0, 0.2, 0.9, 1.1, -0.2, 0, 6.69, 0.21, 0.84, 2.6, 0, 2.1, 1.4, 426.8, 0.1, 0, 
20, MN203, 8, 1202, -105.6, 2185.8, 5368.8, 151.6, 42.3, 53.6, 21.3, 16.81, 193, 3.8, 54.5, 14.7, 2471.2, 509.3, 555.1, 170.2, 48.7, 26.3, 36.9, 11, 63.8, 39.7, 1078.4, 1003.9, 1.5, 0.4, 7.2, 9.2, 1.6, 3, 0.2, 0.8, 0.2, 0.6, 2.3, 4.3, 26.5, 118.4, 0, -0.2, 0, 0.1, 0.8, 1.8, -0.8, 0, 6.68, 0.12, 0.78, 0.4, 0, 2.4, 1.2, 170.1, 0.2, 0, 
20, MN204, 9, 14335, -119.6, 4205.5, 4934.8, 150.8, 41.5, 55.7, 18.9, 10.61, 299.1, 3, 64, 15.7, 2257.3, 472.5, 561.5, 155.8, 51.5, 27.8, 32.5, 10.3, 60.1, 27.1, 2742.6, 1375.7, 1.6, 0.4, 6.1, 7.9, 1.4, 2.5, 0.3, 0.9, 0.2, 0.6, 2.3, 2.6, 99.5, 162, 0, -0.2, 0, 0.1, 0.8, 1, -0.2, 0, 6.67, 0.15, 0.77, 1.8, 0, 2.2, 1.1, 279, 0.13, 0, 
20, MN300, 10, 8832, -153.2, 2959.3, 7160.2, 211.2, 60.9, 76.2, 28.9, 20.2, 256.8, 5.2, 64.4, 17.1, 3302.9, 679.8, 710.1, 204.5, 66.8, 39.1, 50.5, 14.6, 87.5, 74, 1556.8, 1240.9, 1.7, 0.5, 9.6, 11.9, 2, 3.6, 0.3, 1.3, 0.2, 0.8, 3.4, 7.9, 46.9, 146.5, 0.1, -0.3, 0, 0.2, 1.2, 2.1, -0.9, 0, 6.94, 0.12, 0.81, 0.7, 0, 3.1, 1.6, 227.5, 0.24, 0, 
20, MN301, 11, 41134, -147.5, 6066, 7350.9, 197.2, 56.6, 73.2, 28.8, 10.26, 412.6, 4.1, 60.8, 15.9, 3396, 699.4, 842, 237.9, 64.1, 37.7, 46.8, 13.8, 91.3, 53.6, 4118, 1803.2, 1.6, 0.5, 10.2, 12, 2.4, 4.1, 0.3, 1.2, 0.2, 0.8, 3.3, 4.8, 148.5, 212.4, 0.1, -0.2, 0, 0.2, 1.2, 1.2, -0.3, 0, 6.92, 0.14, 0.53, 0.8, 0, 2.6, 1.6, 381.9, 0.12, 0, 
20, MN302, 12, 61583, -103.2, 8158, 5028.5, 144.1, 40.9, 51.6, 20.2, 11.64, 645.1, 3.7, 44, 11.4, 2321.2, 479, 597, 162.2, 43.8, 25.6, 31.8, 9.7, 61.2, 48, 4828.2, 3220.6, 1.2, 0.3, 6.7, 8.3, 1.7, 2.8, 0.2, 0.8, 0.2, 0.5, 2.2, 5.1, 224, 379.4, 0, -0.2, 0, 0.1, 0.7, 1.3, -0.2, 0.1, 6.91, 0.78, 0.8, 2, 0, 2.2, 1.1, 624.1, 0.14, 0, 
20, MN303, 13, 10582, -143, 6072.2, 6603.1, 186.3, 51.4, 68.4, 25.5, 9.85, 434.7, 3.8, 77.7, 18.4, 3027.6, 633.9, 751.3, 206.2, 62.9, 34.4, 38.6, 12, 78.1, 43.8, 3943.7, 2006.7, 1.9, 0.5, 8.3, 10.6, 2, 3.4, 0.3, 1.1, 0.2, 0.7, 3, 4.2, 152.4, 236.4, 0.1, -0.2, 0, 0.1, 1, 1.2, -0.2, 0, 6.93, 0.19, 0.63, 1.4, 0, 2.6, 1.3, 408, 0.11, 0, 
20, MN304, 14, 29110, -123.4, 3278.3, 7317.1, 195.3, 54.5, 73.2, 28.4, 9.11, 263.3, 5.3, 79.5, 19.1, 3361.3, 704.2, 1010.5, 274.3, 69.7, 37.9, 43, 13, 91.6, 79.2, 1727, 1380.5, 2, 0.5, 9.4, 11.4, 2.6, 4.3, 0.4, 1.3, 0.2, 0.7, 3.4, 7.8, 47.2, 163, 0.1, -0.2, 0, 0.2, 1.2, 2.1, -1, 0, 6.9, 0.35, 0.8, 3.4, 0, 2.6, 1.5, 233, 0.11, 0, 
20, MN400, 15, 1544, -165, 6663.2, 8129.5, 220.6, 57.4, 84.7, 28.1, 8.3, 472.5, 4.8, 146.6, 31.9, 3676.5, 773.4, 802.5, 203, 89.4, 45.8, 40.3, 12.7, 94, 47.2, 4398.2, 2123.8, 3.4, 0.8, 9.4, 12.1, 2.1, 3.2, 0.5, 1.6, 0.2, 0.6, 4.1, 4.7, 171.6, 250.1, 0.1, -0.3, 0, 0.1, 1.4, 1.4, -0.3, 0, 6.57, 0.13, 0.69, 14.4, 0.1, 2.9, 1.2, 441.6, 0.1, 0, 
20, MN401, 16, 15305, -146.6, 3655.5, 7395.6, 213.9, 62.2, 78, 28.1, 20.61, 329.8, 5.8, 55, 15.8, 3423, 699.5, 741.4, 218.1, 67.4, 39.9, 52.7, 15.2, 91.4, 74.3, 1704.2, 1785.6, 1.6, 0.5, 10.4, 12.2, 2.2, 3.8, 0.3, 1.3, 0.3, 0.9, 3.5, 7.9, 53.6, 210.7, 0.1, -0.3, 0, 0.2, 1.2, 2.4, -0.9, 0, 6.76, 0.13, 1.03, 0.5, 0, 3.3, 1.8, 299.1, 0.24, 0, 
20, MN402, 17, 27990, -85.6, 7896.4, 4346.1, 129.2, 35.2, 48.6, 16.5, 12.66, 624.2, 3.5, 48.4, 11.8, 1995.7, 419.8, 637.3, 164.6, 43.3, 22.8, 26, 8.4, 56.9, 40.9, 4627.4, 3171.2, 1.2, 0.3, 5.7, 7.1, 1.7, 2.7, 0.2, 0.7, 0.1, 0.5, 2, 4.3, 211.5, 373.5, 0, -0.2, 0, 0.1, 0.7, 1.4, -0.2, 0.1, 6.68, 0.4, 1.1, 1.6, 0, 2, 1.1, 605.5, 0.15, 0, 
20, MN403, 18, 1292, -109.8, 2321.4, 5659.6, 169.6, 47.5, 60.2, 20.2, 11.94, 181.3, 4.3, 62.2, 16.3, 2600.3, 538.4, 962.6, 239.8, 54.6, 29.4, 36.1, 11.1, 78.5, 48.7, 1280.1, 914.1, 1.7, 0.5, 7.1, 9.2, 2.4, 4, 0.3, 1, 0.2, 0.6, 2.6, 4.9, 27, 107.8, 0, -0.2, 0, 0.1, 0.9, 1.9, -1, 0, 6.52, 0.19, 0.54, 0.7, 0, 2.6, 1.3, 156.3, 0.14, 0, 
20, MN404, 19, 108539, -114.2, 2640.2, 6257, 177.6, 49.4, 65.9, 23.1, 8.36, 207.3, 4.6, 75.3, 18.5, 2867.2, 597.4, 871.2, 231.6, 62.5, 34, 38.4, 11.7, 80.8, 60.4, 1429.7, 1069.2, 1.9, 0.5, 8, 9.7, 2.2, 3.7, 0.3, 1.2, 0.2, 0.6, 3, 5.8, 35.6, 126.2, 0.1, -0.2, 0, 0.2, 1.1, 1.9, -0.9, 0, 6.65, 0.34, 0.79, 1.6, 0, 2.4, 1.3, 181.3, 0.1, 0, 
20, MN500, 20, 55, -191.7, 4460.8, 9586, 280.1, 81.9, 104.6, 40.8, 12.09, 386.6, 7.6, 62.8, 18.9, 4444.8, 918.6, 995.8, 276.7, 99.3, 53.6, 63.7, 17, 118.3, 91.2, 2073.8, 2177.5, 1.9, 0.5, 14.4, 14.3, 2.9, 4.7, 0.5, 2, 0.3, 0.9, 5, 9.3, 61, 256.9, 0.1, -0.3, 0, 0.2, 1.8, 2.9, -1.2, 0, 6.86, 0.08, 0.63, 0, 0, 4.2, 2.3, 347.9, 0.14, 0, 
20, MN504, 21, 14401, -147.1, 3300.9, 8390.2, 221.8, 64.6, 80.6, 33.8, 12.77, 273.6, 6.1, 72.3, 19.8, 3873.1, 792.5, 849.8, 240.5, 75.2, 43.3, 51.2, 14.3, 95.7, 73.1, 1716.5, 1415.6, 2, 0.6, 11.4, 12.8, 2.3, 3.9, 0.4, 1.5, 0.3, 0.8, 3.9, 7.3, 46.6, 167, 0.1, -0.2, 0, 0.2, 1.4, 2.4, -1.1, 0, 6.79, 0.17, 0.78, 2.4, 0, 3.2, 1.7, 240.6, 0.15, 0, 
30, MN101, 1, 10773, -77.7, 4107.6, 8017.6, 161.2, 46.9, 61.7, 32.7, 22.15, 344.6, 5.5, 45.5, 12.1, 3724.4, 764, 918.1, 298.8, 62.4, 36.4, 52.2, 13.9, 99.8, 181.7, 2273, 1553.2, 1.2, 0.4, 12.5, 13.6, 3, 5.3, 0.3, 1.2, 0.3, 0.8, 3.5, 18.5, 77.1, 184.8, 0.1, -0.2, 0, 0.2, 1.2, 1.9, -1, 0, 6.92, 0.05, 0.24, 0.1, 0, 2.4, 1.4, 308.6, 0.26, 0, 
30, MN102, 2, 8590, -69.6, 8522.2, 5414.1, 119.8, 34.1, 46.1, 22.6, 12.23, 663.8, 3.7, 43, 10.9, 2503.4, 514.4, 642.2, 195, 45.2, 25.1, 33.3, 9.7, 65.5, 50.7, 5106.3, 3299.7, 1.1, 0.3, 7, 9.1, 1.8, 3.4, 0.2, 0.8, 0.2, 0.5, 2.2, 5.4, 230.7, 388.7, 0, -0.2, 0, 0.1, 0.8, 1.4, -0.2, 0.1, 6.9, 0.68, 0.83, 0.5, 0, 1.9, 1, 641.1, 0.14, 0, 
30, MN103, 3, 8809, -80.5, 6094.8, 5171.6, 124.9, 35.3, 48.6, 22, 9.54, 446.7, 3.3, 46.4, 11.6, 2386, 494.5, 605.7, 198.8, 47.8, 26.1, 32.9, 10.1, 64.7, 40.7, 3836, 2153.4, 1.2, 0.3, 6.9, 8.6, 1.7, 3.4, 0.2, 0.8, 0.2, 0.6, 2.3, 4, 153.2, 253.6, 0, -0.2, 0, 0.1, 0.8, 1.1, -0.2, 0, 6.89, 0.25, 0.41, 1.1, 0, 1.8, 1, 424.5, 0.11, 0, 
30, MN104, 4, 5138, -102.9, 5653.1, 7538.2, 164.4, 43.7, 67.8, 30.8, 5.95, 350.7, 3.8, 100.8, 22.4, 3444.4, 733.9, 1065.5, 291.5, 76, 37.7, 38.9, 12.5, 92.7, 46.4, 3974, 1540, 2.4, 0.6, 9.1, 11.7, 2.6, 4.5, 0.4, 1.3, 0.2, 0.7, 3.4, 4, 122.6, 181.4, 0.1, -0.2, 0, 0.2, 1.2, 1.1, -0.3, 0, 6.91, 0.15, 0.15, 1.5, 0, 2.2, 1.1, 319.8, 0.06, 0, 
30, MN200, 5, 7713, -81.8, 2991.9, 6717.1, 157, 45.9, 63.8, 26.2, 15.12, 250.8, 5.1, 43.2, 11.6, 3115.7, 637.8, 780, 230.8, 60, 35.5, 49.4, 13.8, 89.1, 75.6, 1554.3, 1273, 1.2, 0.3, 9.7, 11.3, 2.3, 4, 0.3, 1.1, 0.2, 0.8, 3.2, 7.7, 43.2, 150.4, 0.1, -0.3, 0, 0.2, 1.1, 2, -1, 0, 6.61, 0.08, 0.22, 0.5, 0, 2.3, 1.5, 222, 0.17, 0, 
30, MN201, 6, 42783, -101.6, 6377.7, 7329.7, 161.6, 46.8, 66.1, 29.6, 8.52, 430.3, 4.1, 51.6, 13.3, 3395.1, 698.1, 792, 240.5, 63.8, 37.4, 49.4, 13.6, 90.1, 63.5, 4335, 1889.2, 1.4, 0.4, 10.2, 12, 2.3, 4.1, 0.3, 1.2, 0.2, 0.8, 3.4, 5.6, 157.2, 222.6, 0.1, -0.2, 0, 0.2, 1.2, 1.1, -0.3, 0, 6.67, 0.09, 0.2, 2.1, 0, 2.1, 1.5, 399.9, 0.09, 0, 
30, MN202, 7, 17504, -88.5, 6307.6, 6321.9, 143.7, 40.1, 60.3, 25, 8.6, 451.6, 3.8, 51.5, 12.5, 2921.4, 608.2, 708.5, 199.1, 58.8, 31.5, 39.7, 11.8, 77.6, 46.9, 4056.8, 2126.3, 1.3, 0.3, 8.6, 10.6, 2, 3.4, 0.3, 1, 0.2, 0.7, 2.9, 4.3, 156.9, 250.5, 0.1, -0.2, 0, 0.2, 1, 1.2, -0.2, 0, 6.64, 0.09, 0.28, 2.5, 0, 2, 1.4, 425.3, 0.1, 0, 
30, MN203, 8, 1202, -74.1, 2267.4, 6276.3, 136.5, 38.2, 56.9, 25.9, 14.34, 193.3, 4.3, 55.7, 14, 2896.6, 597.6, 588.6, 187.4, 56.9, 29.6, 42.1, 12.1, 71.6, 43.3, 1150.4, 1002.1, 1.4, 0.4, 8.4, 10.8, 1.7, 3.3, 0.3, 1, 0.2, 0.7, 2.7, 4.5, 25.4, 118.2, 0.1, -0.2, 0, 0.1, 0.9, 1.9, -0.9, 0, 6.65, 0.05, 0.17, 1.5, 0, 2.1, 1.2, 167.2, 0.17, 0, 
30, MN204, 9, 14335, -91.1, 4412.6, 5748.2, 139.4, 38.7, 59.3, 22.6, 9.67, 301.4, 3.5, 62.1, 14.7, 2641.6, 551.6, 641.3, 184, 60.2, 31.5, 39.7, 11.7, 70.7, 30.7, 2938.4, 1372.7, 1.5, 0.4, 7.2, 9.3, 1.7, 3, 0.3, 1.1, 0.2, 0.7, 2.8, 2.9, 99.1, 161.6, 0.1, -0.2, 0, 0.1, 1, 1.1, -0.3, 0, 6.62, 0.05, 0.15, 1.6, 0, 2, 1.2, 278.3, 0.11, 0, 
30, MN300, 10, 8832, -112.9, 3096.6, 8259.6, 190.6, 55.4, 76.3, 34.5, 17.14, 258.5, 5.8, 61.1, 15.8, 3823.1, 786, 769.8, 234.3, 73.7, 41.7, 57.5, 15.5, 96.7, 81, 1679.5, 1239.4, 1.6, 0.5, 11, 13.8, 2.2, 4.1, 0.4, 1.4, 0.3, 0.9, 3.8, 8.4, 46.6, 146.4, 0.1, -0.3, 0, 0.2, 1.4, 2.2, -1.1, 0, 7, 0.07, 0.24, 1, 0, 2.7, 1.6, 225.3, 0.2, 0, 
30, MN301, 11, 41134, -105.9, 6363.5, 8096.1, 171.1, 49.3, 68.2, 32.9, 9.89, 416.6, 4.4, 56.6, 14.8, 3750.4, 772, 901.7, 267.7, 67.1, 37.6, 50.7, 13.9, 97, 57.8, 4408.9, 1799.8, 1.5, 0.4, 11.3, 13.3, 2.6, 4.6, 0.3, 1.2, 0.2, 0.8, 3.5, 5.2, 149.7, 212.1, 0.1, -0.3, 0, 0.2, 1.3, 1.2, -0.4, 0, 6.97, 0.08, 0.19, 0.5, 0, 2.3, 1.5, 382.9, 0.11, 0, 
30, MN302, 12, 61583, -77.6, 8258.3, 5536.5, 128.8, 36.9, 51.3, 23.1, 10.91, 641.7, 3.9, 42.5, 10.6, 2561.3, 528.4, 625.5, 181.1, 46.4, 26.7, 34.1, 9.9, 65.5, 50.2, 4929.4, 3213.2, 1.1, 0.3, 7.5, 9.2, 1.7, 3.1, 0.2, 0.9, 0.2, 0.6, 2.4, 5.2, 219.9, 378.6, 0, -0.2, 0, 0.1, 0.8, 1.4, -0.2, 0.1, 6.98, 0.52, 0.76, 1.3, 0, 2, 1.1, 618.8, 0.13, 0, 
30, MN303, 13, 10582, -104.5, 6318.3, 7319.8, 164.2, 45.6, 67.6, 28.6, 9.52, 437, 4.2, 73.8, 17.3, 3368.5, 704.8, 832.6, 238.7, 67.8, 35.6, 42.9, 12.6, 86.4, 47.6, 4181.9, 2002.4, 1.8, 0.5, 9.3, 11.8, 2.2, 4, 0.3, 1.2, 0.2, 0.7, 3.2, 4.5, 152, 235.9, 0.1, -0.2, 0, 0.2, 1.2, 1.3, -0.3, 0, 6.97, 0.09, 0.29, 1.6, 0, 2.3, 1.3, 407.5, 0.11, 0, 
30, MN304, 14, 29110, -89, 3391.3, 8149, 176.7, 49.7, 71.8, 32.5, 8.31, 265.9, 5.6, 74.4, 18, 3757.6, 785.3, 1053.7, 296.9, 74.7, 39.2, 48.5, 13.7, 98.5, 84.9, 1829.1, 1378.9, 1.9, 0.5, 10.7, 12.9, 2.7, 4.7, 0.4, 1.3, 0.2, 0.8, 3.7, 8.3, 46.6, 162.8, 0.1, -0.3, 0, 0.2, 1.3, 2.2, -1.2, 0, 6.96, 0.19, 0.3, 2.7, 0, 2.3, 1.5, 232.5, 0.09, 0, 
30, MN400, 15, 1544, -113.8, 6968.8, 9579.7, 190.5, 49.7, 87.6, 34.4, 7.87, 476.5, 5.3, 151.4, 32.4, 4353.5, 918.7, 921.3, 224.7, 99.2, 48.4, 43.4, 13.3, 102.5, 50.9, 4696.4, 2119.1, 3.4, 0.8, 11, 14.2, 2.3, 3.4, 0.5, 1.7, 0.2, 0.7, 4.5, 4.9, 171.4, 249.5, 0.1, -0.3, 0, 0.1, 1.7, 1.5, -0.4, 0, 6.06, 0.08, 0.2, 1.8, 0, 2.7, 1.2, 441.3, 0.09, 0, 
30, MN401, 16, 15305, -111, 3767.9, 8682.9, 198.6, 58.1, 80.8, 33.9, 17.41, 329.8, 6.4, 49.8, 13.8, 4033.4, 824.2, 782.8, 240.3, 75.2, 42.9, 60.4, 16.4, 100.6, 80.2, 1804.5, 1782.6, 1.4, 0.4, 12.3, 14.5, 2.3, 4.2, 0.4, 1.4, 0.3, 0.9, 4, 8.4, 51.5, 210.4, 0.1, -0.3, 0, 0.2, 1.5, 2.6, -1.2, 0, 6.73, 0.1, 0.34, 0.1, 0, 2.9, 1.9, 294.6, 0.2, 0, 
30, MN402, 17, 27990, -66.9, 7990.5, 4936.5, 122, 33.6, 52.3, 19.2, 11.41, 620.1, 3.9, 46, 10.8, 2275.6, 477.8, 675.3, 179, 49.4, 25.2, 30.5, 9.3, 63.3, 43.3, 4720.3, 3163.6, 1.2, 0.3, 6.5, 8.1, 1.8, 3, 0.3, 0.8, 0.1, 0.5, 2.3, 4.4, 206.7, 372.6, 0.1, -0.2, 0, 0.1, 0.8, 1.4, -0.2, 0.1, 6.73, 0.19, 0.45, 1.5, 0, 1.9, 1.2, 599.2, 0.13, 0, 
30, MN403, 18, 1292, -83.5, 2416.6, 6731.3, 157.9, 44.9, 66.1, 24.8, 10.94, 183.6, 4.7, 57.9, 14.5, 3108.4, 643.3, 887.8, 234.7, 63.1, 33.1, 43.5, 12.7, 82.8, 53, 1368.2, 912.6, 1.6, 0.4, 8.6, 11.1, 2.3, 3.9, 0.3, 1.1, 0.2, 0.7, 3, 5.1, 26.7, 107.7, 0.1, -0.2, 0, 0.2, 1.1, 2, -1.1, 0, 6.72, 0.09, 0.16, 0.1, 0, 2.3, 1.5, 155.8, 0.12, 0, 
30, MN404, 19, 108539, -91.5, 2752, 7274.6, 170.1, 47.8, 71.3, 27.6, 7.52, 210.3, 5.2, 73.3, 17.5, 3347.7, 696.5, 876, 245.8, 71, 37.7, 45.2, 13.2, 87.9, 65.8, 1530.5, 1067.9, 1.8, 0.5, 9.4, 11.4, 2.3, 3.9, 0.4, 1.3, 0.2, 0.7, 3.4, 6.3, 35.1, 126, 0.1, -0.2, 0, 0.2, 1.3, 2, -1.1, 0, 6.67, 0.17, 0.26, 1.1, 0, 2.2, 1.4, 180.9, 0.08, 0, 
30, MN500, 20, 55, -137.7, 4652.9, 11632.2, 254.4, 75, 108.7, 46.6, 8.69, 388.8, 8.5, 55.5, 16.1, 5413.9, 1116.6, 1013.5, 281.4, 115.4, 57.3, 73.2, 17.8, 129.5, 99.1, 2250.6, 2173.8, 1.6, 0.4, 17.6, 17.2, 3, 4.8, 0.6, 2.2, 0.4, 1, 5.7, 9.9, 59.4, 256.5, 0.1, -0.3, 0, 0.2, 2.2, 3.2, -1.6, 0, 6.81, 0.07, 0.15, 0, 0, 3.8, 2.3, 344.2, 0.09, 0, 
30, MN504, 21, 14401, -104.6, 3438.7, 9586.4, 202.6, 59.6, 84.6, 39.6, 11.24, 276.3, 6.8, 65.5, 17.1, 4442.2, 908.1, 905.1, 271.5, 82.7, 46.2, 58.1, 15.5, 105.6, 79.8, 1839.9, 1413.4, 1.8, 0.5, 13.3, 14.6, 2.5, 4.4, 0.4, 1.6, 0.3, 0.9, 4.4, 7.9, 45.6, 166.8, 0.1, -0.3, 0, 0.2, 1.7, 2.6, -1.4, 0, 6.73, 0.09, 0.18, 1.1, 0, 2.9, 1.8, 239.2, 0.12, 0, 
40, MN101, 1, 10773, -73, 4206.2, 8054, 154, 44.5, 57.2, 34.5, 22.03, 346.9, 5.2, 41.7, 11.4, 3745.3, 767.7, 1059.8, 339.4, 57, 31.9, 47.5, 12.6, 97.8, 185.1, 2366.9, 1556.4, 1.2, 0.3, 12.4, 13.7, 3.4, 6, 0.3, 1, 0.2, 0.7, 3, 18.9, 78.3, 185.4, 0.1, -0.2, 0, 0.2, 1, 1.9, -1.1, 0, 6.69, 0.01, 0.22, 0, 0, 2.3, 1.3, 309.9, 0.26, 0, 
40, MN102, 2, 8590, -35, 8603.6, 5712.3, 88.8, 25, 36.2, 25, 12.68, 660.4, 3.4, 38.9, 9.8, 2647.5, 544.2, 668.2, 209.8, 40.1, 21.3, 30.7, 8.1, 64, 50.6, 5196.2, 3292.9, 1, 0.3, 7.4, 9.6, 1.8, 3.7, 0.2, 0.7, 0.2, 0.5, 2.1, 5.4, 227, 388, 0, -0.1, 0, 0, 0.7, 1.3, -0.3, 0.1, 6.7, 0.52, 0.7, 0.5, 0, 1.5, 0.7, 636.6, 0.15, 0, 
40, MN103, 3, 8809, -40.6, 6228.9, 5176.4, 89.9, 25.1, 35.9, 23, 10.31, 445.6, 2.9, 39.3, 9.8, 2395.1, 496.6, 714.4, 229, 38.9, 20.3, 28.7, 7.7, 63.7, 40.2, 3976.1, 2148.8, 1, 0.3, 7, 8.6, 2, 4, 0.2, 0.6, 0.1, 0.4, 2, 4, 151.9, 253.1, 0, -0.1, 0, 0.1, 0.7, 1.1, -0.3, 0, 6.72, 0.22, 0.64, 0.1, 0, 1.5, 0.7, 422.7, 0.12, 0, 
40, MN104, 4, 5138, -66.8, 5931.5, 7410.9, 133.5, 35.3, 54.7, 31.3, 7.21, 353.3, 3.5, 85, 19.2, 3400.2, 724.3, 1280.7, 351.4, 65.3, 31, 35.4, 10.3, 93.9, 47.5, 4253, 1537.1, 2.1, 0.5, 9, 11.5, 3.2, 5.5, 0.3, 1, 0.2, 0.5, 3, 4.2, 123.9, 181, 0.1, -0.2, 0, 0.1, 1, 1.1, -0.4, 0, 6.7, 0.13, 0.32, 1.5, 0, 2, 0.9, 321.4, 0.08, 0, 
40, MN200, 5, 7713, -80, 3084, 7670.1, 151.1, 43.9, 55.5, 31.5, 14.02, 252.8, 4.8, 42.4, 12.1, 3564.6, 728.9, 800.5, 240.5, 55.2, 30.6, 48.8, 12, 86.4, 77.7, 1648.2, 1271.7, 1.2, 0.4, 11, 13, 2.4, 4.2, 0.3, 1, 0.2, 0.7, 3, 7.9, 43.2, 150.3, 0.1, -0.2, 0, 0.2, 1.1, 2, -1.1, 0, 6.42, 0.03, 0.2, 0.3, 0, 2.4, 1.3, 220.7, 0.16, 0, 
40, MN201, 6, 42783, -89.2, 6627.7, 7832.3, 146.7, 42.3, 56, 33, 9.34, 433.5, 3.8, 47.8, 12.4, 3635, 747.6, 858.3, 262.1, 55.6, 31.7, 45.7, 11.4, 87, 63.5, 4591.1, 1886, 1.3, 0.4, 10.9, 12.9, 2.5, 4.5, 0.3, 1.1, 0.2, 0.6, 3.1, 5.7, 158.5, 222.3, 0.1, -0.2, 0, 0.2, 1.1, 1.1, -0.3, 0, 6.4, 0.03, 0.14, 1, 0, 2.2, 1.2, 401.1, 0.11, 0, 
40, MN202, 7, 17504, -74.1, 6488.4, 6658.2, 127.4, 35, 49.6, 27.7, 9.7, 452.1, 3.5, 49.2, 11.9, 3081.7, 642.8, 784.4, 227.7, 50.3, 25.8, 35, 9.4, 74.3, 46.4, 4245.8, 2121.9, 1.3, 0.3, 8.9, 11.2, 2.2, 3.9, 0.3, 0.8, 0.2, 0.5, 2.5, 4.3, 156, 250, 0, -0.2, 0, 0.1, 0.9, 1.2, -0.3, 0, 6.41, 0.03, 0.19, 1.2, 0, 2, 1.1, 424.3, 0.11, 0, 
40, MN203, 8, 1202, -58.5, 2363.1, 6299.6, 121.6, 33.9, 43.6, 27.1, 14.64, 194.2, 3.8, 50, 13.6, 2913.2, 600.4, 816.8, 247.6, 47.1, 23, 38.7, 10, 75.4, 45, 1242.3, 1000.4, 1.4, 0.4, 8.4, 10.8, 2.3, 4.4, 0.2, 0.8, 0.2, 0.6, 2.3, 4.7, 25, 118, 0, -0.2, 0, 0.1, 0.8, 1.8, -1, 0, 6.42, 0.05, 0.29, 0.3, 0, 2, 0.9, 166.4, 0.17, 0, 
40, MN204, 9, 14335, -83.3, 4617.4, 6289.3, 128.8, 35.4, 48.1, 25.5, 9.87, 303.3, 3.2, 60, 14.9, 2898.1, 604.8, 731.7, 216, 52.9, 25.9, 38, 10, 71.1, 31.1, 3145.4, 1369.9, 1.5, 0.4, 7.9, 10.3, 1.9, 3.6, 0.3, 0.9, 0.2, 0.6, 2.6, 3, 99.1, 161.3, 0, -0.2, 0, 0.1, 0.9, 1.1, -0.3, 0, 6.38, 0.05, 0.2, 1.7, 0, 2.1, 0.9, 277.7, 0.12, 0, 
40, MN300, 10, 8832, -79, 3234, 8980.6, 164.4, 47.3, 62.6, 39, 15.49, 260.3, 5.5, 59.5, 16.4, 4163.7, 856, 926.5, 276, 67, 35.3, 54.9, 13.2, 100.6, 84.6, 1810.7, 1238, 1.7, 0.5, 11.9, 15, 2.6, 4.8, 0.3, 1.2, 0.3, 0.8, 3.6, 8.8, 47.1, 146.3, 0.1, -0.2, 0, 0.2, 1.3, 2.3, -1.2, 0, 6.79, 0.09, 0.71, 0.4, 0, 2.7, 1.3, 223.7, 0.19, 0, 
40, MN301, 11, 41134, -95.5, 6645.5, 8855.3, 160.9, 46, 61.7, 37.7, 9.5, 420.2, 4.2, 55.6, 15.2, 4108.4, 845.8, 958.3, 288.6, 64, 34.3, 50.7, 12.8, 96.9, 59.3, 4692.7, 1796.6, 1.6, 0.5, 12.3, 14.6, 2.8, 4.9, 0.3, 1.1, 0.2, 0.7, 3.4, 5.4, 151.1, 211.7, 0.1, -0.2, 0, 0.2, 1.2, 1.3, -0.4, 0, 6.77, 0.06, 0.43, 0.7, 0, 2.5, 1.4, 383.5, 0.11, 0, 
40, MN302, 12, 61583, -40.8, 8354.3, 5830.1, 97.4, 27.6, 38.4, 25.7, 11.36, 638.5, 3.6, 40.7, 10.4, 2701, 557.4, 688.8, 200.8, 40.2, 21.9, 31.1, 7.9, 64.9, 50.1, 5033.3, 3206.1, 1.1, 0.3, 7.9, 9.6, 1.9, 3.5, 0.2, 0.7, 0.2, 0.4, 2.2, 5.2, 216.2, 377.8, 0, -0.2, 0, 0.1, 0.8, 1.4, -0.3, 0.1, 6.77, 0.45, 0.78, 1.1, 0, 1.7, 0.8, 614.3, 0.13, 0, 
40, MN303, 13, 10582, -75.7, 6570.5, 7625.5, 140.4, 38.6, 54.9, 30.9, 9.71, 438.6, 3.9, 67.2, 16.7, 3518.7, 735.7, 1000.7, 284.7, 60.4, 29.8, 40.7, 10.7, 88.8, 48.8, 4434.6, 1998.2, 1.7, 0.5, 9.7, 12.4, 2.6, 4.7, 0.3, 1, 0.2, 0.6, 3, 4.6, 152.2, 235.4, 0.1, -0.2, 0, 0.1, 1.1, 1.3, -0.4, 0, 6.76, 0.09, 0.57, 1.4, 0, 2.2, 1.1, 406.9, 0.12, 0, 
40, MN304, 14, 29110, -74.4, 3485.9, 8781, 162.9, 45.5, 63.5, 36.1, 8.03, 268.2, 5.5, 71, 17.8, 4058, 847.1, 1118.2, 322.3, 69.3, 35, 47.4, 12.4, 97.8, 87.3, 1923.5, 1377.4, 1.9, 0.5, 11.7, 14, 2.9, 5.2, 0.4, 1.2, 0.2, 0.7, 3.5, 8.7, 46.8, 162.7, 0.1, -0.2, 0, 0.2, 1.2, 2.3, -1.3, 0, 6.77, 0.15, 0.52, 1.4, 0, 2.4, 1.3, 232.1, 0.09, 0, 
40, MN400, 15, 1544, -117, 7262, 9689.2, 190.4, 48.4, 76.4, 36.6, 8.1, 477.7, 4.9, 147.7, 31.9, 4408.3, 932.4, 1061.9, 312.9, 92.6, 43.1, 39.7, 11.7, 101.4, 52.8, 4993.1, 2114.6, 3.3, 0.8, 11.1, 14.2, 2.6, 4.9, 0.5, 1.5, 0.2, 0.6, 4.2, 5, 171.8, 249, 0.1, -0.3, 0, 0, 1.5, 1.5, -0.5, 0, 6.36, 0.03, 0.18, 5.3, 0, 2.9, 0.9, 440.9, 0.09, 0, 
40, MN401, 16, 15305, -91.1, 3857, 9605.2, 177.8, 51.7, 65.4, 39.4, 16.67, 330.9, 6, 49.5, 14.7, 4467.3, 912.9, 862.8, 271.9, 66.8, 35.9, 57.6, 13.8, 98.6, 81.7, 1896.9, 1779.8, 1.5, 0.5, 13.7, 16.1, 2.5, 4.7, 0.3, 1.2, 0.3, 0.8, 3.6, 8.5, 50.3, 210.1, 0.1, -0.2, 0, 0.2, 1.3, 2.6, -1.3, 0, 6.6, 0.04, 0.32, 0.2, 0, 2.9, 1.5, 291.8, 0.19, 0, 
40, MN402, 17, 27990, -50, 8070.8, 5345.8, 103.7, 28.3, 39.9, 22.1, 11.67, 616.4, 3.6, 45.2, 11.1, 2468.6, 517.7, 713.1, 193.2, 42, 20.6, 27.9, 7.4, 60.7, 42.7, 4811.1, 3156.2, 1.2, 0.3, 7.1, 8.8, 1.9, 3.2, 0.2, 0.7, 0.1, 0.4, 2.1, 4.4, 202.5, 371.8, 0, -0.1, 0, 0.1, 0.8, 1.4, -0.3, 0.1, 6.59, 0.17, 0.93, 1.3, 0, 1.7, 0.8, 593.9, 0.14, 0, 
40, MN403, 18, 1292, -76.8, 2499.6, 7932.4, 149.4, 41.9, 54.8, 30.8, 9.5, 186, 4.7, 63, 17, 3668.1, 758.5, 876.8, 230.7, 59.2, 29.1, 44.4, 11, 82.3, 54.5, 1451.7, 911.1, 1.8, 0.5, 10.2, 13.1, 2.3, 3.9, 0.3, 1, 0.2, 0.6, 2.9, 5.4, 26.8, 107.5, 0.1, -0.2, 0, 0.2, 1.1, 2.1, -1.2, 0, 6.61, 0.08, 0.44, 0, 0, 2.5, 1.2, 154.3, 0.11, 0, 
40, MN404, 19, 108539, -70.9, 2845.5, 7767.4, 148.9, 41.5, 56.7, 30.7, 7.65, 212.4, 4.8, 70, 17.4, 3582.3, 745.4, 966.3, 277.6, 62, 31.5, 42.2, 11.1, 86.8, 67.6, 1624.5, 1066.6, 1.8, 0.5, 10.1, 12.2, 2.5, 4.5, 0.3, 1.1, 0.2, 0.6, 3.1, 6.6, 35.2, 125.9, 0.1, -0.2, 0, 0.2, 1.1, 2, -1.2, 0, 6.58, 0.11, 0.45, 1.1, 0, 2.3, 1.1, 180.7, 0.09, 0, 
40, MN500, 20, 55, -147.6, 4841.3, 13204.8, 264.3, 78.4, 101.6, 50.3, 7.71, 393.5, 8.5, 57.9, 19.3, 6150.6, 1267.2, 1147.1, 313.6, 116.6, 56, 76.6, 17.4, 137, 105.2, 2428.8, 2170.3, 1.9, 0.5, 19.9, 19.3, 3.4, 5.3, 0.6, 2.1, 0.4, 1, 5.8, 10.5, 59, 256.1, 0.1, -0.3, 0, 0.2, 2.1, 3.3, -1.8, 0, 6.76, 0.06, 0.29, 0, 0, 4, 2.2, 343.1, 0.08, 0, 
40, MN504, 21, 14401, -90.4, 3554.1, 10403.7, 187.7, 55.1, 69.9, 43.6, 10.67, 279.1, 6.4, 66.7, 19.2, 4825.1, 985.7, 1013, 310.2, 74.5, 40.1, 55.3, 13.6, 105.9, 82.4, 1954.3, 1411.5, 2, 0.6, 14.7, 15.9, 2.8, 5.1, 0.4, 1.4, 0.3, 0.8, 4.1, 8.3, 45.6, 166.6, 0.1, -0.3, 0, 0.2, 1.5, 2.7, -1.5, 0, 6.69, 0.12, 0.65, 1.3, 0, 2.9, 1.5, 238.1, 0.13, 0, 
50, MN101, 1, 10773, -35.3, 4274, 8355.6, 114.9, 33.1, 44.7, 38.6, 21.18, 348.2, 4.6, 33.3, 8.5, 3895.5, 798.6, 1087.6, 345.5, 54.4, 29.9, 45.8, 11.8, 96.3, 187.7, 2430.4, 1559.6, 0.9, 0.2, 12.7, 14.3, 3.5, 6, 0.3, 1, 0.2, 0.7, 2.9, 19.2, 79.1, 185.9, 0, -0.2, 0, 0.1, 0.9, 1.8, -1.1, 0, 6.81, 0, 0, 0, 0, 2, 1, 310.5, 0.25, 0, 
50, MN102, 2, 8590, -26.8, 8685.2, 6062.8, 79.5, 22.4, 31.3, 28.1, 12.18, 657, 3.2, 37.3, 9, 2813.8, 579.1, 709.7, 218.6, 42.5, 23.1, 31.6, 8.4, 67.6, 52, 5279.5, 3286.1, 0.9, 0.2, 7.9, 10.2, 1.9, 3.8, 0.2, 0.8, 0.2, 0.5, 2.2, 5.4, 223.3, 387.2, 0, -0.1, 0, 0.1, 0.7, 1.2, -0.3, 0, 6.84, 0.48, 0.69, 0.4, 0, 1.4, 0.6, 632, 0.14, 0, 
50, MN103, 3, 8809, -41.5, 6376.8, 5546.7, 89.8, 25.2, 33.9, 25.6, 9.05, 444.8, 2.9, 37.6, 9.5, 2571.1, 532.1, 771.1, 243.2, 45.2, 23.2, 33, 9.1, 70.5, 43.1, 4118.8, 2144.4, 1, 0.3, 7.5, 9.3, 2.2, 4.2, 0.2, 0.7, 0.2, 0.5, 2.2, 4.2, 150.6, 252.6, 0, -0.1, 0, 0.1, 0.7, 1, -0.3, 0, 6.8, 0.22, 0.45, 0, 0, 1.5, 0.7, 420.4, 0.11, 0, 
50, MN104, 4, 5138, -57.1, 6185.5, 7727.2, 120, 31.7, 48.7, 34.1, 6.66, 355, 3.3, 77.6, 17.4, 3556.3, 756.8, 1312.9, 368.7, 67.2, 32.2, 36.7, 10.8, 95.5, 49.8, 4506, 1534.3, 1.9, 0.5, 9.4, 12.1, 3.3, 5.8, 0.3, 1.1, 0.2, 0.6, 3, 4.4, 125.1, 180.7, 0.1, -0.2, 0, 0.1, 0.9, 1.1, -0.4, 0, 6.78, 0.1, 0.34, 0.4, 0, 1.9, 0.8, 322, 0.08, 0, 
50, MN200, 5, 7713, -48.9, 3185.7, 8532.6, 122.8, 35.5, 46.4, 37.7, 11.73, 254.7, 4.5, 37, 10.3, 3975.6, 811.9, 859.7, 266, 60.4, 32.5, 53.6, 13.1, 92.6, 82.8, 1739.7, 1270.6, 1.1, 0.3, 12.2, 14.6, 2.6, 4.7, 0.3, 1.1, 0.3, 0.8, 3.2, 8.3, 43.4, 150.2, 0.1, -0.2, 0, 0.2, 1, 1.9, -1, 0, 6.64, 0.04, 0.3, 0.7, 0, 2.2, 1.1, 219.3, 0.14, 0, 
50, MN201, 6, 42783, -51.5, 6878.4, 8360, 112.2, 32.2, 46.3, 37.8, 8.81, 436.1, 3.5, 40.3, 9.6, 3890.6, 799.7, 948.2, 279.5, 57.7, 32.6, 47, 11.7, 91.6, 66.3, 4837.6, 1882.9, 1, 0.3, 11.7, 13.8, 2.8, 4.8, 0.3, 1.1, 0.2, 0.7, 3.2, 5.9, 159.7, 221.9, 0, -0.2, 0, 0.2, 1, 1, -0.4, 0, 6.61, 0.06, 0.31, 0.6, 0, 1.9, 1, 401.8, 0.1, 0, 
50, MN202, 7, 17504, -40, 6668.1, 7015.1, 95.6, 26.2, 40.7, 31.5, 9.12, 451.6, 3.1, 43.1, 9.8, 3255.5, 679, 881.3, 248, 51.4, 26.2, 34.8, 9.5, 77.5, 48.1, 4425, 2117.6, 1, 0.3, 9.4, 11.8, 2.4, 4.3, 0.3, 0.9, 0.2, 0.5, 2.5, 4.4, 155, 249.5, 0, -0.2, 0, 0.1, 0.8, 1, -0.3, 0, 6.59, 0.06, 0.45, 1.2, 0, 1.7, 0.8, 422.3, 0.11, 0, 
50, MN203, 8, 1202, -39.2, 2454.9, 7012.8, 106.7, 30, 40.1, 30.7, 12.52, 195.1, 3.9, 47.1, 12.7, 3251.4, 670, 833.1, 260.3, 55.6, 27.1, 44.3, 11.2, 82.1, 49.1, 1324.8, 998.8, 1.3, 0.4, 9.3, 12.1, 2.4, 4.7, 0.3, 0.9, 0.2, 0.6, 2.7, 5.1, 24.9, 117.8, 0, -0.2, 0, 0.1, 0.8, 1.8, -1, 0, 6.53, 0.05, 0.37, 0, 0, 1.8, 0.8, 165, 0.15, 0, 
50, MN204, 9, 14335, -53.3, 4849.7, 6881.3, 107.1, 29.6, 42.7, 28.5, 8.59, 305.2, 3.2, 54.9, 13.6, 3181.6, 662.2, 833.5, 252.5, 60.5, 29.4, 43.2, 11, 80.9, 34.7, 3367, 1367.1, 1.4, 0.4, 8.6, 11.3, 2.2, 4.2, 0.3, 1, 0.2, 0.6, 2.9, 3.2, 99.2, 161, 0, -0.2, 0, 0.1, 0.9, 1.1, -0.3, 0, 6.56, 0.05, 0.29, 2.1, 0, 1.9, 0.8, 277.1, 0.1, 0, 
50, MN300, 10, 8832, -48.7, 3380.3, 9508.3, 137.6, 39.4, 52.3, 43.3, 12.95, 261.6, 5.2, 50.3, 13.2, 4421, 908.7, 1071.9, 322.2, 71, 36.7, 57, 13.8, 110, 90.9, 1942.5, 1236.8, 1.4, 0.4, 12.6, 16, 3, 5.7, 0.4, 1.3, 0.3, 0.8, 3.7, 9.3, 47.9, 146.2, 0.1, -0.2, 0, 0.2, 1.2, 2.1, -1.2, 0, 6.93, 0.02, 0.34, 0.5, 0, 2.4, 1.1, 222.6, 0.15, 0, 
50, MN301, 11, 41134, -70.6, 6957.8, 9305.9, 138.8, 39.7, 52.8, 41.7, 8.19, 423.3, 4, 45, 12, 4330.9, 890.4, 1120.4, 332.5, 68, 35.8, 54.7, 13.8, 106.3, 63.5, 4994.4, 1793.6, 1.2, 0.4, 12.9, 15.5, 3.3, 5.7, 0.3, 1.2, 0.3, 0.8, 3.5, 5.7, 153, 211.4, 0.1, -0.2, 0, 0.2, 1.1, 1.2, -0.4, 0, 6.93, 0.02, 0.23, 0.6, 0, 2.3, 1.2, 384.4, 0.09, 0, 
50, MN302, 12, 61583, -23.9, 8448.8, 6164.6, 79.7, 22.5, 32.4, 29.6, 11.49, 635.7, 3.3, 35.4, 8.3, 2863.4, 590.9, 737.2, 212.8, 42.4, 23.4, 31.9, 8.2, 68.1, 51.5, 5130.1, 3199, 0.9, 0.2, 8.3, 10.2, 2.1, 3.7, 0.2, 0.8, 0.2, 0.5, 2.3, 5.2, 212.7, 377, 0, -0.2, 0, 0.1, 0.7, 1.2, -0.3, 0, 6.92, 0.35, 0.69, 1.2, 0, 1.5, 0.6, 610.3, 0.14, 0, 
50, MN303, 13, 10582, -60.2, 6824.1, 8306.6, 124, 34.2, 48.4, 36, 8.43, 440.2, 3.7, 58.9, 14.3, 3847.4, 802.8, 1065.7, 303.9, 65.9, 32.2, 45, 11.9, 94, 52.1, 4683.7, 1994.3, 1.5, 0.4, 10.6, 13.6, 2.8, 5.1, 0.3, 1.1, 0.2, 0.7, 3.1, 4.9, 152.5, 234.9, 0.1, -0.2, 0, 0.1, 1, 1.2, -0.4, 0, 6.9, 0.05, 0.26, 0.3, 0, 2.1, 0.9, 406.2, 0.1, 0, 
50, MN304, 14, 29110, -47, 3584.1, 9189.6, 134.7, 37.6, 53.3, 39.9, 7.04, 270.2, 5, 58.9, 14.3, 4262.3, 886.7, 1224.9, 361.6, 71.1, 35.8, 50.1, 13, 102.7, 91.7, 2013.7, 1376, 1.5, 0.4, 12.4, 14.8, 3.2, 5.8, 0.4, 1.2, 0.2, 0.7, 3.5, 9.1, 47.2, 162.6, 0.1, -0.2, 0, 0.2, 1.1, 2.1, -1.3, 0, 6.91, 0.08, 0.25, 1.1, 0, 2.2, 1.1, 232, 0.08, 0, 
50, MN400, 15, 1544, -72.7, 7571.6, 9954.2, 149.4, 38, 68, 39.5, 7.73, 478.8, 4.4, 133.3, 28.3, 4547.2, 964.4, 1234.2, 359.1, 96.2, 45, 41.3, 12.4, 108.2, 56.2, 5296.8, 2110.3, 2.9, 0.7, 11.2, 14.6, 3, 5.6, 0.5, 1.6, 0.2, 0.6, 4.3, 5.1, 172.1, 248.6, 0.1, -0.2, 0, 0.1, 1.4, 1.4, -0.5, 0, 6.44, 0.03, 0.3, 0.9, 0, 2.4, 0.8, 440.7, 0.09, 0, 
50, MN401, 16, 15305, -47.3, 3973.2, 10174.4, 139, 40.4, 52.2, 44.5, 14.28, 331.4, 5.5, 38.9, 11.2, 4745.6, 967.9, 1057.6, 324.9, 69.2, 36.5, 60.6, 14.2, 108.7, 86.7, 2000.6, 1777.1, 1.1, 0.3, 14.6, 17.2, 3.1, 5.7, 0.4, 1.2, 0.3, 0.8, 3.7, 8.9, 49.7, 209.8, 0.1, -0.2, 0, 0.2, 1.2, 2.4, -1.3, 0, 6.74, 0.03, 0.47, 0.6, 0, 2.5, 1.2, 289.2, 0.17, 0, 
50, MN402, 17, 27990, -21.2, 8149.1, 5591.7, 75.5, 20.5, 32.2, 25.2, 11.52, 612.3, 3.2, 39.1, 8.9, 2590.2, 542.8, 770.4, 211.3, 42.4, 20.9, 27.6, 7.3, 62.7, 43.6, 4894, 3148.8, 1, 0.2, 7.4, 9.2, 2.1, 3.6, 0.2, 0.7, 0.1, 0.4, 2.1, 4.4, 198.4, 371, 0, -0.1, 0, 0.1, 0.7, 1.3, -0.3, 0.1, 6.76, 0.19, 0.63, 0.6, 0, 1.4, 0.6, 588.8, 0.14, 0, 
50, MN403, 18, 1292, -33.3, 2607.4, 8052, 112.3, 31.5, 41.7, 33.3, 9.03, 188.3, 4.3, 50, 13.3, 3737.2, 770.2, 1048.5, 300.3, 60, 29.5, 47, 11.1, 90.8, 59.1, 1547.8, 909.8, 1.4, 0.4, 10.5, 13.4, 2.7, 5.1, 0.3, 1, 0.2, 0.6, 3.1, 5.8, 27.3, 107.4, 0, -0.2, 0, 0.1, 1, 1.9, -1.2, 0, 6.76, 0.09, 0.28, 0, 0, 2, 0.9, 154.7, 0.11, 0, 
50, MN404, 19, 108539, -34, 2941.6, 8108.3, 114.7, 32, 46.6, 33.7, 7.06, 214.4, 4.4, 57.7, 13.8, 3755, 779.7, 1072.4, 315.6, 64, 32.4, 44.6, 11.5, 92.2, 71.6, 1712.3, 1065.5, 1.5, 0.4, 10.7, 12.9, 2.8, 5.1, 0.3, 1.1, 0.2, 0.6, 3.2, 7, 35.7, 125.8, 0.1, -0.2, 0, 0.1, 1, 1.9, -1.2, 0, 6.69, 0.12, 0.34, 0.8, 0, 2, 0.9, 181, 0.08, 0, 
50, MN500, 20, 55, -81.3, 5018.8, 14881, 201, 60, 81, 61.3, 6.95, 397.7, 7.7, 30, 9.7, 6966.5, 1432.7, 1233.7, 335.8, 118.7, 56.4, 81.8, 17.6, 141.4, 111.6, 2598.9, 2166.9, 1, 0.3, 22.3, 21.8, 3.7, 5.6, 0.6, 2.2, 0.4, 1, 5.9, 11, 59.3, 255.8, 0.1, -0.2, 0, 0.2, 1.9, 3.1, -1.8, 0, 6.84, 0.06, 0.27, 0, 0, 3.7, 1.8, 343, 0.07, 0, 
50, MN504, 21, 14401, -49.2, 3666.4, 11127.5, 146.8, 42.9, 56.8, 48.2, 9.45, 281.2, 5.8, 51.6, 13.7, 5180.6, 1057.3, 1108.5, 344.1, 75.3, 40.4, 57.3, 13.8, 110.7, 86.5, 2059.5, 1409.7, 1.5, 0.4, 16, 17.2, 3.2, 5.6, 0.4, 1.4, 0.3, 0.8, 4.1, 8.7, 45.9, 166.5, 0.1, -0.2, 0, 0.2, 1.4, 2.5, -1.5, 0, 6.81, 0.11, 0.35, 1.2, 0, 2.6, 1.2, 237.4, 0.11, 0, 
60, MN101, 1, 10773, -19.7, 4350.8, 7502.5, 111.5, 32.3, 42.6, 38.4, 22.72, 350, 4.8, 29, 7.6, 3498.6, 716, 1342.5, 404.9, 45.3, 25.2, 39.3, 10.1, 98.8, 190, 2498.7, 1563.3, 0.8, 0.2, 11.3, 12.9, 4.2, 7.1, 0.2, 0.8, 0.2, 0.6, 2.5, 19.5, 80.4, 186.6, 0, -0.2, 0, 0.1, 0.8, 1.9, -1.2, 0, 6.75, 0, 0, 0, 0, 1.7, 1, 313.5, 0.27, 0, 
60, MN102, 2, 8590, -46.3, 8779.1, 6214.2, 101.4, 28.6, 40, 31.1, 12.26, 654, 3.5, 41.9, 10.2, 2880.4, 593.4, 785.6, 238.6, 43.3, 24.5, 31.6, 9.2, 70.4, 53, 5376.6, 3279.2, 1.1, 0.3, 8, 10.4, 2.2, 4.2, 0.2, 0.8, 0.2, 0.5, 2.2, 5.5, 219.8, 386.4, 0, -0.2, 0, 0.1, 0.7, 1.3, -0.3, 0.1, 6.73, 0.48, 0.53, 0.8, 0, 1.7, 0.8, 627.9, 0.14, 0, 
60, MN103, 3, 8809, -53.1, 6513.2, 5782.6, 102.5, 28.7, 39.7, 28.7, 9.52, 444.6, 3, 39.1, 9.9, 2680.4, 554.4, 804.3, 254.8, 43.1, 22.9, 31.6, 9.2, 68.8, 43.3, 4261.2, 2139.9, 1, 0.3, 7.8, 9.7, 2.3, 4.4, 0.2, 0.7, 0.2, 0.5, 2, 4.2, 149.5, 252.1, 0, -0.1, 0, 0.1, 0.7, 1.1, -0.3, 0, 6.72, 0.19, 0.45, 0.5, 0, 1.7, 0.9, 419, 0.11, 0, 
60, MN104, 4, 5138, -69.1, 6441.5, 7968.8, 135.8, 36.3, 54.8, 37, 6.52, 357.4, 3.5, 78.3, 18, 3669.3, 778.7, 1375.2, 390.1, 66.4, 31.9, 37.7, 11.3, 95.5, 51.6, 4762.9, 1531.5, 1.9, 0.5, 9.7, 12.5, 3.5, 6.2, 0.3, 1.1, 0.2, 0.6, 2.9, 4.5, 126.5, 180.4, 0.1, -0.2, 0, 0.1, 0.9, 1.2, -0.5, 0, 6.72, 0.07, 0.27, 0.8, 0, 2, 1, 323.1, 0.07, 0, 
60, MN200, 5, 7713, -57.4, 3300.3, 8837.7, 142.5, 41.1, 54.1, 42.1, 10.58, 257.1, 5, 40.8, 12.1, 4115.3, 839.4, 1050.6, 318.7, 58.8, 30.9, 52, 13, 98.7, 86.3, 1845.8, 1269.5, 1.2, 0.4, 12.6, 15.1, 3.2, 5.7, 0.3, 1, 0.3, 0.8, 3, 8.7, 44.3, 150.1, 0.1, -0.2, 0, 0.2, 1, 2.1, -1.2, 0, 6.45, 0.04, 0.13, 0, 0, 2.3, 1.3, 219, 0.12, 0, 
60, MN201, 6, 42783, -60.4, 7133, 8733.8, 127.3, 36.5, 51.6, 42.7, 8.96, 439.5, 3.8, 44.8, 11.5, 4061.8, 834.8, 1033.8, 304, 55.9, 31.5, 45.7, 11.6, 92.7, 67.9, 5092.6, 1879.8, 1.2, 0.3, 12.2, 14.4, 3, 5.3, 0.3, 1.1, 0.2, 0.7, 3, 6.1, 161.2, 221.6, 0, -0.2, 0, 0.2, 1, 1.2, -0.4, 0, 6.45, 0.04, 0.12, 0.8, 0, 2.1, 1.1, 403.1, 0.1, 0, 
60, MN202, 7, 17504, -44.9, 6857.4, 7045.8, 106.8, 29.4, 44.3, 34.3, 9.92, 452.2, 3.3, 45.9, 11.1, 3267.1, 681, 1013.7, 284.1, 48.4, 24.7, 33.2, 9.4, 78.8, 49.2, 4616.2, 2113.2, 1.2, 0.3, 9.4, 11.8, 2.8, 4.9, 0.2, 0.8, 0.2, 0.5, 2.3, 4.5, 154.3, 249, 0, -0.2, 0, 0.1, 0.8, 1.2, -0.4, 0, 6.43, 0.04, 0.18, 1, 0, 1.8, 1, 421.8, 0.11, 0, 
60, MN203, 8, 1202, -56.4, 2540.5, 7870.3, 130.6, 36.9, 51, 36.4, 11.34, 197.3, 4.5, 51.1, 14.4, 3650.8, 751.9, 866.7, 266.7, 57.1, 28.8, 47.5, 12.2, 83.5, 51.4, 1408.4, 997.2, 1.5, 0.4, 10.3, 13.6, 2.5, 4.9, 0.3, 1, 0.2, 0.7, 2.7, 5.3, 25, 117.7, 0.1, -0.2, 0, 0.1, 0.9, 2.1, -1.2, 0, 6.42, 0.03, 0.11, 0.3, 0, 2.1, 1.1, 164.2, 0.13, 0, 
60, MN204, 9, 14335, -69.3, 5085.4, 7288.7, 127, 35.3, 50.5, 31.2, 8.67, 307.6, 3.5, 56, 14.7, 3372.1, 699.7, 923.4, 290.7, 57.8, 28.3, 43, 11.2, 80.5, 36, 3604.7, 1364.2, 1.5, 0.4, 9.2, 12.1, 2.4, 4.9, 0.3, 1, 0.2, 0.6, 2.7, 3.3, 99.7, 160.7, 0.1, -0.2, 0, 0.2, 0.9, 1.2, -0.4, 0, 6.39, 0.04, 0.11, 0.6, 0, 2, 1.1, 277.1, 0.1, 0, 
60, MN300, 10, 8832, -66.4, 3507.1, 9994.4, 162.4, 46.6, 61.3, 47.3, 11.56, 264, 5.7, 52.5, 14.7, 4647.5, 953.3, 1193.9, 360.2, 69.6, 35.7, 55.9, 13.9, 111.4, 95.2, 2064.8, 1235.7, 1.5, 0.4, 13.1, 16.8, 3.4, 6.4, 0.4, 1.2, 0.3, 0.8, 3.5, 9.7, 48.9, 146.1, 0.1, -0.2, 0, 0.2, 1.2, 2.4, -1.5, 0, 6.85, 0, 0, 0, 0, 2.7, 1.4, 222.5, 0.13, 0, 
60, MN301, 11, 41134, -87.6, 7288.1, 9859.1, 163, 46.9, 61.4, 46.7, 7.27, 427.5, 4.4, 48.1, 13.8, 4588.2, 942.3, 1244.8, 363.8, 68.4, 35.5, 56.5, 14.1, 111.3, 66.5, 5319.8, 1790.5, 1.4, 0.4, 13.6, 16.6, 3.6, 6.3, 0.3, 1.2, 0.3, 0.8, 3.5, 6, 155.2, 211, 0.1, -0.2, 0, 0.2, 1.2, 1.4, -0.5, 0, 6.86, 0.01, 0.09, 0.3, 0, 2.6, 1.4, 385.6, 0.08, 0, 
60, MN302, 12, 61583, -35.9, 8542.8, 6358.1, 95.3, 26.9, 38, 33.2, 11.68, 632.6, 3.6, 40.4, 9.9, 2949.2, 608.8, 809.2, 228.5, 41.1, 23, 30.5, 8.2, 69, 51.8, 5230.3, 3191.6, 1, 0.3, 8.5, 10.4, 2.3, 4, 0.2, 0.8, 0.1, 0.5, 2.2, 5.3, 209.2, 376.1, 0, -0.2, 0, 0.1, 0.8, 1.4, -0.4, 0.1, 6.87, 0.38, 0.52, 2.2, 0, 1.7, 0.8, 606, 0.14, 0, 
60, MN303, 13, 10582, -77.9, 7092.4, 8860.4, 147.3, 40.8, 56.4, 41.3, 7.87, 442.7, 4.1, 62.7, 16.2, 4104.1, 854.3, 1173.9, 333.5, 65.6, 31.6, 46.4, 12.2, 97.2, 54.3, 4950.7, 1990.2, 1.7, 0.5, 11.3, 14.6, 3.1, 5.6, 0.3, 1.1, 0.2, 0.7, 3.1, 5.1, 153.1, 234.5, 0.1, -0.2, 0, 0.2, 1.1, 1.4, -0.5, 0, 6.86, 0.02, 0.09, 1.3, 0, 2.4, 1.2, 405.9, 0.09, 0, 
60, MN304, 14, 29110, -67, 3677.2, 9763.4, 161.8, 45.4, 62.5, 44.6, 6.34, 273.4, 5.6, 63.8, 16.5, 4527.3, 939.5, 1297.4, 386.9, 71.7, 35.6, 51.5, 13.4, 105.5, 95.3, 2101.8, 1374.7, 1.7, 0.5, 13.3, 15.9, 3.5, 6.3, 0.4, 1.2, 0.3, 0.8, 3.4, 9.4, 47.9, 162.5, 0.1, -0.2, 0, 0.2, 1.2, 2.4, -1.5, 0, 6.85, 0.06, 0.18, 0.6, 0, 2.5, 1.4, 232.2, 0.07, 0, 
60, MN400, 15, 1544, -80.9, 7885, 10595.3, 165.9, 43, 72.6, 44.2, 8.3, 481.1, 4.8, 131.6, 28.8, 4850.4, 1030.3, 1353.1, 367.5, 90.3, 42.5, 41.9, 12.2, 109.1, 57.6, 5612.4, 2105.9, 3, 0.7, 11.9, 15.7, 3.3, 5.7, 0.5, 1.5, 0.2, 0.6, 4, 5.2, 172.5, 248.1, 0.1, -0.2, 0, 0.1, 1.4, 1.5, -0.5, 0, 6.53, 0.01, 0.14, 3.8, 0, 2.6, 0.9, 440.9, 0.09, 0, 
60, MN401, 16, 15305, -66.2, 4065, 11060.1, 165.9, 48.3, 63.2, 52.3, 12.04, 332.7, 6.1, 43.5, 13.4, 5157.5, 1050.9, 1114.6, 345.9, 69.9, 36.4, 60.9, 14.7, 109.3, 89.6, 2091.7, 1774.5, 1.4, 0.4, 16, 18.8, 3.3, 6.1, 0.4, 1.2, 0.3, 0.9, 3.6, 9.2, 49.5, 209.5, 0.1, -0.2, 0, 0.2, 1.3, 2.7, -1.5, 0, 6.63, 0.01, 0.16, 0.4, 0, 2.8, 1.5, 286.7, 0.14, 0, 
60, MN402, 17, 27990, -37.5, 8226.7, 5837.4, 94.2, 25.8, 38.2, 28.4, 11.16, 608.6, 3.5, 43.9, 10.7, 2701, 564.6, 810.7, 230, 42.1, 20.9, 27.8, 7.7, 62.6, 44.4, 4978.5, 3141.2, 1.1, 0.3, 7.8, 9.6, 2.2, 3.9, 0.2, 0.7, 0.1, 0.4, 2, 4.5, 194.5, 370.1, 0, -0.1, 0, 0.1, 0.7, 1.4, -0.4, 0.1, 6.64, 0.14, 0.49, 0.7, 0, 1.6, 0.8, 583.7, 0.13, 0, 
60, MN403, 18, 1292, -54, 2693.7, 8514.8, 138.9, 39.4, 52.7, 37, 8.55, 191.3, 4.9, 51.9, 14.9, 3953, 811.2, 1077.1, 331.7, 59.8, 29.8, 47.8, 11.8, 91, 61.7, 1632.7, 908.4, 1.6, 0.5, 11.3, 14.3, 2.9, 5.7, 0.3, 1, 0.2, 0.7, 2.9, 6.1, 28.1, 107.2, 0.1, -0.2, 0, 0.2, 1, 2.3, -1.4, 0, 6.61, 0.04, 0.08, 0, 0, 2.3, 1.2, 155.2, 0.1, 0, 
60, MN404, 19, 108539, -54.6, 3028.8, 8819.7, 143.1, 40.1, 57, 38.8, 6.31, 217.5, 5.1, 64.5, 16.5, 4082.8, 847.2, 1103.1, 328.7, 65.7, 33.1, 46.9, 12.1, 94.3, 74.6, 1795.5, 1064.4, 1.7, 0.5, 11.7, 14.1, 3, 5.4, 0.3, 1.1, 0.2, 0.7, 3.2, 7.3, 36.3, 125.7, 0.1, -0.2, 0, 0.2, 1.1, 2.2, -1.4, 0, 6.61, 0.08, 0.18, 0.7, 0, 2.3, 1.2, 181.2, 0.07, 0, 
60, MN500, 20, 55, -91.1, 5145.1, 16295.8, 221.4, 66.5, 86.9, 77.9, 7.02, 403, 8.3, 32.8, 12.4, 7628.9, 1565, 1406.6, 368.2, 111.7, 52, 75.6, 16.3, 139.4, 114.1, 2728, 2163.6, 1.2, 0.3, 24.5, 23.7, 4.2, 6.2, 0.6, 2, 0.4, 0.9, 5.5, 11.4, 59.6, 255.5, 0.1, -0.2, 0, 0.2, 2, 3.5, -2.1, 0, 6.64, 0.07, 0.15, 0.7, 0, 3.8, 2.1, 342.9, 0.07, 0, 
60, MN504, 21, 14401, -60.5, 3755, 11899, 167.6, 49, 63.7, 53.9, 8.51, 284.1, 6.4, 59.4, 17.1, 5535.6, 1129.7, 1188.8, 363.9, 72.2, 38.4, 55.4, 13.5, 111.7, 88.6, 2146.9, 1407.9, 1.8, 0.5, 17.3, 18.4, 3.5, 6, 0.4, 1.3, 0.3, 0.8, 3.9, 9, 46.2, 166.3, 0.1, -0.2, 0, 0.2, 1.4, 2.8, -1.7, 0, 6.68, 0.09, 0.16, 0.7, 0, 2.8, 1.4, 236.6, 0.1, 0, 
