Time,Ecoregion,EcoregionIndex,NumSites,SppBiomass_abiebals,SppBiomass_acernegu,SppBiomass_acerrubr,SppBiomass_acersacc,SppBiomass_acerspic,SppBiomass_betualle,SppBiomass_betupapy,SppBiomass_celtis,SppBiomass_fraxamer,SppBiomass_fraxnigr,SppBiomass_fraxpenn,SppBiomass_larilari,SppBiomass_ostrvirg,SppBiomass_piceglau,SppBiomass_picemari,SppBiomass_pinubank,SppBiomass_pinuresi,SppBiomass_pinustro,SppBiomass_popubals,SppBiomass_popudelt,SppBiomass_popugran,SppBiomass_poputrem,SppBiomass_prunpens,SppBiomass_prunsero,SppBiomass_prunvirg,SppBiomass_queralba,SppBiomass_querelli,SppBiomass_quermacr,SppBiomass_querrubr,SppBiomass_salix,SppBiomass_thujocci,SppBiomass_tiliamer,SppBiomass_ulmuamer,SppBiomass_ulmurubr,
0, inactiv, 0, 0, NaN, NaN, NaN, NaN, NaN, NaN, NaN, NaN, NaN, NaN, NaN, NaN, NaN, NaN, NaN, NaN, NaN, NaN, NaN, NaN, NaN, NaN, NaN, NaN, NaN, NaN, NaN, NaN, NaN, NaN, NaN, NaN, NaN, NaN, 
0, MN101, 1, 10773, 124.077881801276, 9.77877056221328, 308.551192587535, 255.727533694375, 0.00600976181773879, 15.7609198568569, 362.325309900601, 0, 0.0729276578671795, 1709.5373893468, 20.7829819539347, 157.899344746409, 13.1982261242004, 250.91886675162, 185.641609389658, 37.5922181959727, 205.827989172274, 39.1425393703953, 436.517714814601, 0, 49.4312271958084, 1034.29462914993, 0.113053070738667, 23.4854462822865, 0.0513918680876043, 2.70079438958362, 7.07901039219142, 287.238302159263, 180.491682169642, 1.58379884183567, 186.407673911089, 203.842773832673, 240.192550397678, 0, 
0, MN102, 2, 8590, 96.1598598460241, 1.17539403913185, 152.042729380633, 119.870399734444, 0.0563838687847879, 4.97044009829289, 640.287232298832, 0, 0.985420850547284, 160.884068529264, 13.1815463389174, 59.6955332213148, 39.4327724803174, 129.950326918223, 107.419362907498, 65.6668424097845, 221.186243121643, 86.3128266633181, 278.972441419928, 0, 182.904680280053, 1147.29428168585, 0.418517729039797, 7.96638732839103, 0.391688102476811, 1.84435043956681, 4.69443319940178, 198.376572193505, 71.6895743977343, 2.62252484322704, 56.0731334530849, 110.552098527582, 74.6182202395793, 0.0400306657251573, 
0, MN103, 3, 8809, 105.324273998045, 4.18934768536451, 186.103941593826, 52.1936558032634, 0.141297659872338, 3.98120373203963, 578.925017954245, 0, 0.0408832516704329, 317.104988843849, 13.6395048157069, 76.9258341800613, 17.5888154528606, 159.51057400521, 126.509377870972, 68.1493070985446, 279.115759152453, 49.4926587175276, 243.658636094655, 0.114017046165055, 154.710532429297, 972.979519253909, 1.01611981125042, 12.2585962897249, 0.159922529909773, 0, 10.02346727274, 188.713606172826, 65.1987925362866, 1.34682380502185, 144.125399943445, 79.628598027311, 103.920580890477, 0.0870420499453684, 
0, MN104, 4, 5138, 191.051882096792, 0.125465321791409, 184.077892461979, 95.4573152927445, 0.310808824815375, 6.95587254721351, 492.574042921855, 0, 0, 274.661252961357, 5.14128282936504, 122.941226639976, 11.6123296085059, 308.196450700088, 180.671621156973, 153.22351341797, 1291.66752918515, 329.352613473597, 222.571612183247, 0, 223.385949018634, 991.114243026978, 0.154706866140726, 11.9429753690714, 1.04414753108323, 13.6535676189228, 14.3354697518889, 101.856846616722, 86.5123931777853, 1.93644514191517, 179.131306543198, 110.613957917008, 49.5875197477775, 0.0286781248669533, 
0, MN200, 5, 7713, 171.18436912592, 6.17865414782039, 304.625648591022, 230.084487786448, 0.014010515655662, 2.7069219517272, 470.984039707475, 0, 5.06471054411485, 577.28609908015, 13.4882482114383, 124.281139421754, 41.0379632677563, 98.1546507392368, 145.180366999048, 32.0101963915158, 225.373954859006, 73.920374534604, 203.169380704825, 0.139218508803116, 105.464515971903, 972.7523853731, 0.0923658005229604, 7.45758920375528, 1.03706167555035, 3.77028153215604, 9.59696045871469, 279.048400411342, 120.223224370346, 0.881708608810561, 110.527028509017, 227.633093332543, 101.520395723806, 0, 
0, MN201, 6, 42783, 151.050453769145, 2.01235551831654, 298.077313453316, 330.12781767487, 0.0845991369634898, 2.77582076356925, 438.983880802276, 0, 3.46830393105952, 578.07349812379, 15.5985888761014, 147.725758144827, 35.2547528115975, 128.879183039398, 146.110876977203, 37.3040531836561, 286.926727625541, 102.845938071583, 191.915690058247, 0.317177926797735, 98.624064504054, 946.236431049423, 0.322456072070217, 10.8727869990051, 0.839844545453053, 6.56740757579949, 15.3003030421258, 373.870393147027, 171.845526847699, 0.963779247685084, 130.622454855883, 432.483213941788, 107.631856872148, 0.0339166897893512, 
0, MN202, 7, 17504, 141.508561475839, 3.42844260458101, 138.925281696171, 234.191544072502, 0.00568672864811948, 3.19955467523997, 406.460936461914, 0, 1.86090498301839, 549.990682766686, 25.3122074736088, 305.590190580166, 16.0804259068787, 101.796580895209, 327.425704051252, 46.0973120435282, 178.103263143648, 52.8122425236257, 193.071966589914, 1.22734622850714, 51.2422392237557, 651.077225483683, 0.0467898129354447, 9.42260224727652, 0.287309556518438, 12.7830076130478, 7.87281049801619, 179.428849371167, 76.4331387253087, 1.38521725865561, 162.423225659993, 245.401739667931, 145.200689986049, 0.00921095964895524, 
0, MN203, 8, 1202, 178.934481844529, 0.610189225233335, 151.858894145033, 261.758292390185, 0, 1.10728881125045, 414.626283125998, 0, 0, 411.048991211242, 13.2246052617836, 93.1567826167914, 4.84650092355027, 85.8541911437785, 113.614247733166, 23.1865058048394, 324.620904747936, 45.853586225462, 292.743786902277, 0, 48.7040744470479, 1007.43303377259, 0, 13.0983151961087, 0.295066657558257, 0, 3.57537146138272, 139.204466764225, 20.9874922360438, 0.440608375282732, 70.5381730852429, 264.294054332866, 73.8405835029488, 0, 
0, MN204, 9, 14335, 121.395062086413, 0.639789962635499, 167.628734235228, 154.829978133362, 0.0193779340137951, 3.32043808616742, 402.063635540183, 0, 1.96943246118275, 203.81412423077, 11.8173862705673, 118.527178047907, 18.2138976308332, 77.9626434461888, 172.884514029549, 91.7977709823092, 501.440271017582, 110.862716539354, 105.554537771469, 0.388817380087526, 87.4698975013863, 643.046695377048, 0.243889446045656, 4.22652299266931, 0.455190771383652, 2.09467337654574, 5.77893104300417, 164.196857651177, 85.5981966117803, 1.18772080697205, 97.6436070011433, 190.533449059211, 51.3659506492761, 0.00925260929018519, 
0, MN300, 10, 8832, 110.043450771035, 0.948114263838616, 389.923925498258, 224.152857605962, 0.0110170201978822, 16.0679076564485, 579.105456333167, 0, 0.16047623883123, 411.250610949337, 18.3669110682618, 88.5988685948693, 62.7374087900355, 216.222618972046, 81.8792861454675, 83.4535108839256, 403.302178184515, 129.747962145702, 198.412635790697, 0, 246.281939140265, 1137.75182310605, 0.141950914312316, 4.08450417587723, 0.497348685600403, 2.92102470950804, 11.2522597451141, 216.985201326806, 160.505880900051, 1.51743225774903, 57.2600237105204, 229.257849511893, 67.5284949333771, 0.0537200596021569, 
0, MN301, 11, 41134, 122.886055681901, 9.55133587697231, 387.274025461755, 262.783460217827, 0.132524712087926, 4.87135853788029, 439.346882024038, 0, 3.00920098971027, 615.878082136631, 16.5525778644705, 162.952986026092, 35.9906857994526, 135.419364335236, 131.659045185439, 63.2240875798901, 450.882708211608, 107.634861801852, 276.314790756775, 0.402843397256148, 130.084012365923, 1112.04068065286, 0.176839379261086, 19.0685826261373, 0.364471360741843, 4.91695034843011, 16.5935894099069, 428.336321547344, 227.801300683158, 1.65885067389496, 123.82683309046, 364.572984493729, 138.561962920459, 0.162327200204761, 
0, MN302, 12, 61583, 93.4870804292106, 2.69189535783072, 178.632313314965, 113.61027040273, 0.189402469304043, 5.20474694438481, 495.016959671717, 0, 1.42465390540082, 310.045447524587, 18.8517338657686, 136.807905466631, 43.7285950655146, 111.158949575208, 214.808027041595, 38.3553468288486, 215.046967141574, 64.8345461462383, 173.582463996163, 0.110567304031627, 131.415051020789, 921.798768080346, 0.17578422162783, 5.1617748719565, 0.237049645056453, 1.89999411799611, 8.5628878016421, 200.359418320412, 88.745859076648, 1.13813624227082, 102.914965069774, 144.11335979338, 75.7306926581045, 0.0445856219146537, 
0, MN303, 13, 10582, 109.85078829724, 0.850875367110719, 226.688038500287, 210.980388972287, 0.325202023931181, 9.79289423110376, 472.396674616573, 0, 1.03949666171956, 292.787484170629, 8.0886772842291, 161.97438888968, 30.1031014671895, 180.547303741403, 195.576224236503, 125.579342440337, 663.122547222838, 147.35796613951, 205.622374571918, 0, 203.028910199809, 967.191747266599, 0.046447228335451, 11.5274417771213, 0.564206609674582, 9.9809541502199, 16.7502207174754, 200.766532859715, 86.7336927942778, 1.24586013277725, 128.131235472716, 213.966853112765, 80.2903278302525, 0, 
0, MN304, 14, 29110, 114.669803032077, 2.0489152646892, 350.8204616831, 210.810763475896, 0.19133502839153, 5.94982085311507, 500.197704772751, 0.000765848864152725, 1.78524309352926, 417.776407499323, 16.1408969720546, 162.608853382607, 66.2479857867463, 137.358352872703, 133.806447166951, 130.982046983824, 1137.02992768653, 326.00954354947, 132.01720352566, 0.243570806987504, 208.422639399417, 869.845436858261, 0.0461529822171001, 24.5210750911376, 0.266785106418142, 13.9471479787404, 14.9787743440325, 360.447845715811, 204.910831681792, 2.06160573956074, 124.404980547245, 265.286821180977, 99.768993272457, 0.0884269758910504, 
0, MN400, 15, 1544, 210.131505119368, 10.5083881832775, 168.28740494486, 333.03243528376, 0, 0.846206921987583, 431.202217893009, 0, 0, 193.095289586122, 60.708310787233, 84.8816781513432, 28.5354254035752, 316.920894484446, 50.2091842241238, 313.331479364109, 621.734380211855, 78.6710321594396, 39.8499693598772, 0, 83.5881731497809, 1157.71532678392, 0, 0.712730684428635, 0, 25.3550392901959, 10.6038056210533, 292.78649639427, 466.723149195854, 9.18567463771049, 23.5012978272117, 401.529802905463, 52.4878563386789, 0, 
0, MN401, 16, 15305, 112.317543245748, 2.7811085065102, 348.589342631378, 247.615997709257, 0.0939785647960864, 2.16284925229641, 473.080969304182, 0, 0.910130631584858, 533.053177027934, 20.5983923240722, 149.227484756215, 50.848581533485, 117.666274565741, 97.9412010429031, 28.3215246520218, 252.380026720178, 136.409496379405, 308.611229905456, 0.51390310273144, 85.4849376649804, 1076.8708877968, 0.267704323357673, 15.6162888824453, 0.00989189504681363, 30.9204071972114, 12.9403826280187, 421.228581936902, 215.893683119546, 1.10914185008984, 69.4436498054372, 381.156062166849, 120.166773945691, 0.36016112922337, 
0, MN402, 17, 27990, 101.045902681436, 2.53168865502328, 131.424262856977, 84.4136582620232, 0.028380806320861, 4.98403499122175, 323.192777854479, 0.00245668214318922, 0.134519310311021, 359.4928357186, 16.4349825361108, 323.600522473421, 15.9952361253723, 82.3663208138649, 293.123748592174, 29.4116693372001, 316.221002076583, 103.798434751346, 109.019970824285, 2.26254386506621, 57.7603651983732, 617.263078696177, 0.315735606646359, 5.69349781893628, 0.128929574066249, 3.37075448698894, 9.91348978351295, 154.320039541366, 62.1413070662356, 1.92598520860198, 165.931807297151, 130.651050765244, 80.8952236024939, 0.10846785763069, 
0, MN403, 18, 1292, 51.6024891082716, 0.269491922006519, 170.26970891982, 88.8686852588004, 0, 3.3101666453453, 896.299327507846, 0, 0, 144.440678516778, 9.39710975219222, 87.4864363655586, 104.614262028744, 67.433146698187, 85.8640678393951, 70.9261096210303, 588.55012366351, 659.947077145887, 42.4412369270443, 0, 189.038372352765, 1112.39775331397, 0, 11.6212308015617, 0, 0, 27.498313360539, 217.890088420903, 53.1288925147278, 1.94046857851578, 57.7629988584725, 202.621050412441, 59.6675251659594, 0, 
0, MN404, 19, 108539, 95.3104088204833, 1.22066486998895, 260.287860814479, 193.743326894005, 0.168701740926127, 2.93431148807232, 468.803011406548, 0.000672279808181432, 1.04313643852329, 261.867803923503, 14.3856045929241, 121.140713295661, 44.1579656347111, 100.522756946436, 95.928572271973, 86.8574723121057, 878.986579625938, 274.589064379467, 95.9673985979358, 0.0992023082572854, 165.629086189248, 891.630235026202, 0.0851027374128576, 29.5140291926273, 0.0830746903930559, 5.21868073958619, 14.7563546283465, 327.441846250019, 208.387694386758, 1.98167710244556, 88.628500994605, 247.793716160603, 72.6949745341264, 0.0129328019805327, 
0, MN500, 20, 55, 79.46044921875, 0, 727.03740123402, 0, 0, 0, 112.635282759233, 0, 0, 346.251349431818, 0, 327.124912886186, 4.06681629527699, 74.4973987926136, 214.850863370028, 0, 1342.83524169922, 0, 18.2137384588068, 0, 1081.96060236151, 1084.23596959548, 0.0475035797465931, 445.69277787642, 0, 0, 0, 375.262173184482, 850.732344193892, 0, 0, 0, 0, 0, 
0, MN504, 21, 14401, 58.9626745138307, 0.273349245160282, 364.280600565472, 320.148116196587, 0.317253443476442, 0.436781420276261, 489.604233508123, 0, 0.22288762499132, 226.475933874128, 12.0698947230856, 31.4565484440498, 59.1754373826299, 96.4579757802744, 27.7365770834774, 58.2134499815419, 684.759278614474, 371.544632040654, 95.4860297611592, 0, 373.434163531101, 1213.23264622653, 0.138409895546262, 75.9301702132383, 0.0479738377554617, 0.575446717499544, 8.16288120843794, 528.35582934003, 623.173902625103, 0.61263202619291, 14.2664457874392, 305.682328511258, 107.919032746045, 0, 
10, inactiv, 0, 0, NaN, NaN, NaN, NaN, NaN, NaN, NaN, NaN, NaN, NaN, NaN, NaN, NaN, NaN, NaN, NaN, NaN, NaN, NaN, NaN, NaN, NaN, NaN, NaN, NaN, NaN, NaN, NaN, NaN, NaN, NaN, NaN, NaN, NaN, 
10, MN101, 1, 10773, 131.462503179561, 11.8568876998223, 356.979424059054, 258.807766834961, 0.0046327683538998, 19.852901024262, 361.712738980266, 0, 0.171716692719211, 1757.65621335006, 16.4325531915316, 198.057917071641, 16.7307051755388, 267.422250964566, 197.485967557322, 39.4465869488208, 228.175979461287, 49.0058805755527, 487.754051731499, 0, 52.4042213317423, 1055.17233301976, 0.105008552922718, 40.1094756488026, 0.0965262547759174, 4.2502202319311, 11.2891218553156, 313.824671502256, 200.467099777472, 2.83978988461914, 229.965162890696, 214.271252688708, 334.362897031057, 0, 
10, MN102, 2, 8590, 110.752366411533, 1.94787264058976, 180.266697239904, 138.779134073135, 0.0612737298150557, 5.09053172598895, 741.596284498613, 0, 1.66131073815165, 182.691892276182, 11.7012326522382, 66.8473238806231, 62.3822882939828, 153.3089570353, 106.394698308427, 80.7401900365827, 287.254557899324, 101.153764472935, 306.782407819239, 0, 184.875279171891, 1245.57468492467, 0.66942992079938, 12.7081515222267, 0.635788902248298, 2.76728827550886, 6.30812246835551, 225.760701912468, 85.2767883425125, 3.7808351208084, 62.9381227850775, 137.540893409916, 92.420647353149, 0.0474160635152157, 
10, MN103, 3, 8809, 112.701666684572, 5.13564470723967, 217.067077504207, 66.8776037619135, 0.108922706558101, 4.99536271040604, 622.364598378294, 0, 0, 327.576821256082, 8.77796385223011, 90.5466383112209, 29.4900421435317, 182.087439382126, 133.198897961848, 57.3880865621247, 350.25801985125, 63.8540046554186, 296.7879208792, 0.142691160252476, 158.656233790243, 1010.72405676446, 1.50684026863102, 15.5679250061749, 0.269019676156098, 0, 14.4724262110667, 205.804102296685, 74.8875246735433, 1.93868899034147, 158.835070002592, 87.7804130496171, 131.608886152327, 0.103350887586559, 
10, MN104, 4, 5138, 210.478418144399, 0.24680611687256, 225.451553827318, 115.96798957893, 0.2393049967108, 9.09318810355668, 533.378725826172, 0, 0, 339.546867225828, 4.77376872022684, 148.175574240679, 17.6595011050713, 309.266573144193, 190.405846043383, 158.607300409783, 1386.32816825539, 397.322032289219, 257.167816052227, 0, 237.367867359534, 1056.53574220345, 0.208241334217631, 18.1802682115578, 2.05789475563483, 22.5923113616908, 19.0931758323779, 126.664834758566, 77.8542073770644, 3.60353661845657, 208.269964947966, 128.761848822416, 67.3574820016784, 0.0517443474650429, 
10, MN200, 5, 7713, 196.975356492275, 11.0545821860655, 404.665233805441, 296.429877848102, 0.0108003436274895, 3.75701493399625, 555.011484133812, 0, 10.5336878373591, 700.089871278335, 11.5436140631912, 154.684705860124, 62.5027867874468, 115.258624309914, 162.884435682125, 37.3136869920424, 291.638963730005, 91.0950688693861, 259.559359406677, 0.173295434402551, 118.248350095211, 1098.29278022976, 0.0998921542103986, 11.670211402263, 1.98493504499502, 5.98778420083179, 15.6276152591119, 369.993565709956, 160.569903090447, 2.11230033915067, 130.147274483723, 284.882846665602, 143.580424780235, 0, 
10, MN201, 6, 42783, 167.020063693946, 3.30480770143807, 350.671896572214, 379.403036352723, 0.0539449230750742, 3.82127103784811, 490.852602991307, 0, 5.23654437731067, 659.277346216674, 13.0048753343246, 179.558273776585, 56.6320384135936, 145.973745561445, 154.594348123787, 34.8522701639253, 362.378958042609, 118.653932118503, 230.647162517218, 0.362935259998495, 98.0773239574428, 1009.86956481211, 0.320592979934215, 18.0848831252725, 1.69846220536193, 6.72262405685469, 24.2481156349561, 452.357535746908, 177.190649869618, 1.64889568238534, 150.520238125539, 484.63101209307, 146.926733240929, 0.0618110480015518, 
10, MN202, 7, 17504, 152.52423525949, 5.37823981994685, 165.143428126027, 284.400184284399, 0.00429877433823711, 4.4329823209773, 435.621885148771, 0, 3.08155102354953, 661.833514535994, 21.4313009425017, 368.509179506703, 26.5370636276179, 113.316104046823, 349.279938158758, 43.6326564003388, 218.220063986682, 64.4615047335407, 227.909587337069, 1.5362180608718, 56.9869970717421, 687.355418136304, 0.102155574714898, 14.5919876098633, 0.621349504309446, 15.1146490665415, 10.8480670883625, 224.659917388098, 83.0098667397578, 2.00652520878877, 197.248819267946, 292.990576158276, 210.857817075152, 0.0169209318143576, 
10, MN203, 8, 1202, 179.601699159467, 1.09348971197093, 165.115426531647, 271.922032919581, 0, 0.287246653323562, 441.882360298304, 0, 0, 432.573677488254, 11.5321457852143, 106.670540674752, 7.26009150233721, 102.632511951364, 110.363461838784, 31.0712294649959, 442.189691659416, 50.8593349615468, 405.931915042008, 0, 81.8056103393758, 1175.36838730282, 0, 20.7428281152506, 0.547689375980523, 0, 5.37245680924858, 141.860511059372, 18.1732358059748, 3.30698927944393, 78.3119547172711, 291.512642909604, 88.3384870348278, 0, 
10, MN204, 9, 14335, 125.128617797981, 1.22443000679029, 193.344526095169, 188.268055239179, 0.000713536104841602, 4.36642524551589, 448.757452441736, 0, 2.63097200157504, 238.092303967484, 10.2690280780253, 139.109210081071, 28.9683567397055, 86.4746304081257, 172.207600769932, 90.3110375103985, 614.349139970314, 128.248398443461, 131.775191099701, 0.476595387028035, 90.0267731040207, 729.42312219014, 0.450303753402784, 6.88286914752259, 0.832296179194961, 2.84154960065508, 8.11807351353529, 181.311769370347, 85.5152129105088, 2.19898018173361, 111.372311573009, 220.115203623777, 65.0202944065995, 0.0158326525866133, 
10, MN300, 10, 8832, 127.684011120943, 1.87099551463473, 487.8460384603, 290.718942920367, 0.00849273325740427, 21.4510308590488, 647.595278468665, 0, 0.338565453239109, 500.307283115128, 15.8864805202364, 110.059215827265, 112.764738082886, 249.46048102042, 89.7140664559775, 87.5818180649177, 495.497130857052, 151.115403273831, 234.064939419375, 0, 231.674531928979, 1243.17857999351, 0.145174644887447, 8.18464313728222, 0.994806363449796, 4.43481831619705, 15.1290466198023, 280.240194523586, 197.111306715703, 2.79185859707819, 67.894892592361, 294.848317977311, 95.24920207478, 0.0980604385984117, 
10, MN301, 11, 41134, 135.953995494193, 12.280966177027, 456.947936226967, 303.300505214819, 0.10245619641446, 6.53921023053664, 485.620783943575, 0, 4.07094860165006, 700.164109439363, 14.0069114348929, 203.233084496929, 62.3438123196976, 155.831828008322, 140.210151933752, 76.911097635796, 557.559090582898, 125.941433942399, 335.137538176758, 0.280471612571679, 132.742001066351, 1199.64551194459, 0.223445631455348, 30.4376060512548, 0.688673845840751, 7.43534235811236, 20.7283259959482, 509.645598557443, 234.798433756164, 3.11722808988498, 148.346445523319, 408.850722822571, 192.557194551082, 0.304300797607552, 
10, MN302, 12, 61583, 103.767349879577, 4.35598777876425, 217.575501799388, 143.643222933779, 0.14044649176705, 6.1183214842525, 562.164930350167, 0, 2.42948084490964, 365.751477696022, 17.5433273470866, 159.521476805196, 68.4117184052321, 125.77422317129, 225.964033009556, 45.0572852992366, 270.6810510082, 73.2444601576657, 206.083068404819, 0.137074074651411, 138.136706435781, 997.583280571109, 0.266036775092291, 8.74505541669682, 0.369598190602068, 2.33374565472265, 11.8194879319671, 249.638416581977, 99.4627455715438, 1.92104144934399, 116.397340155251, 171.566901553098, 101.420779338889, 0.0801472277426273, 
10, MN303, 13, 10582, 126.68114636596, 1.31214997647188, 268.560135830735, 257.855004037537, 0.270547550863725, 13.4269403757929, 535.757198758697, 0, 2.10888551904177, 360.572534137042, 6.19325326228498, 203.09588791864, 56.2836121202439, 219.067801091063, 213.186990453489, 137.920623941157, 830.49736857608, 170.515982517379, 252.656983167953, 0, 218.590948676955, 1060.34578421616, 0.048868543235189, 15.9122143321667, 1.14497917943496, 16.3176577590945, 19.8391888563855, 253.808102120774, 107.797024603761, 2.43541104120786, 151.235969015701, 260.198269861539, 113.268720399002, 0, 
10, MN304, 14, 29110, 123.136527170008, 3.40360278880133, 414.199051694303, 233.06704852708, 0.0748312129265088, 8.29516177713072, 544.45200182801, 0, 2.72830977654465, 469.706763950421, 13.8483287201965, 205.182177335476, 108.317678412782, 145.990531146195, 139.809239674163, 130.090918546311, 1197.54884406757, 339.048549455402, 157.531265419056, 0.368741374145214, 218.370699252905, 921.676288489409, 0.0348152397588863, 40.4130915419992, 0.567594672109367, 18.6325236523287, 20.4095200297842, 435.634980886603, 220.241234032209, 3.69666855450718, 144.068422930882, 293.731920954011, 130.265931141872, 0.165273909468865, 
10, MN400, 15, 1544, 279.338170637893, 17.6446111412246, 208.817254703897, 405.820557174287, 0, 1.30785018051227, 612.843142129751, 0, 0, 209.875654250229, 52.4926113328785, 105.153644991662, 27.7503111399517, 434.553345081411, 41.6927849616411, 405.98130814708, 940.765025300992, 67.2388610049233, 51.5382227848231, 0, 101.116640716019, 1383.7198063207, 0, 0.907971871331566, 0.23338472040206, 37.3329897075119, 10.963639175336, 383.217338641073, 538.582941648256, 14.237075617894, 30.3290914130334, 411.546201656519, 80.0429191552296, 0, 
10, MN401, 16, 15305, 124.059377077194, 4.62205496497966, 434.457098415092, 294.572165888051, 0.0673254382567482, 2.93460888169397, 544.757425951806, 0, 1.35884334610319, 659.638774523148, 17.2592540088256, 194.885394050326, 82.3197376404818, 124.886373523839, 110.032368484037, 33.305726934967, 319.280904044765, 166.007253574694, 387.164235495649, 0.245462695137031, 107.417724271274, 1204.31922115355, 0.395748358371016, 32.5357124939264, 0.0559327335071034, 37.7268655821219, 20.5401072170952, 518.211484606723, 255.200349811104, 3.22628793052815, 80.8895353254015, 438.389698969465, 166.355413090018, 0.67098418780691, 
10, MN402, 17, 27990, 96.5660100285434, 3.35722867332641, 156.805159384594, 103.47799534227, 0.00937629936847912, 3.93531143172122, 352.15457661142, 0, 0.0806359174209818, 372.636289197916, 13.487765544144, 339.97296761107, 28.4370395454606, 88.1339571227428, 260.378034005807, 28.4607033937051, 342.584280401164, 113.326614563599, 118.884676450898, 1.41246194842885, 58.5524854281835, 635.769027696473, 0.377552509648581, 8.66334350302459, 0.203282574416485, 3.91806591833945, 13.5630456480821, 188.105042658077, 72.4182674139472, 1.98701560390809, 167.835566847714, 137.727071451212, 109.857660852223, 0.19844092682201, 
10, MN403, 18, 1292, 49.315422258879, 0.563471129804204, 197.902060936848, 102.253574170564, 0, 4.71914313821232, 941.901774971109, 0, 0, 146.462512964066, 9.26216411848925, 112.84675906391, 178.993856288331, 61.454844589942, 87.4801002951229, 68.70886684276, 313.252987067397, 556.473582639783, 61.6419232194269, 0, 123.425157287172, 933.364034021602, 0, 21.4979557474331, 0, 0, 32.4377954559799, 252.063054133495, 70.3510882610876, 5.67898832386123, 67.7876815087286, 226.242329854345, 85.0052706479288, 0, 
10, MN404, 19, 108539, 95.1769490425861, 1.8292621603446, 285.753581043429, 226.022173120122, 0.0628235360041722, 3.53181957673336, 517.458932779088, 0.000154314255615349, 1.30539529615003, 277.899067916035, 11.797940027598, 132.328297655864, 72.4351719551802, 102.844548064428, 85.8895142450638, 75.7068946957901, 909.734088811656, 284.7500124461, 107.099965886671, 0.120625985782526, 163.087337236765, 911.582275797605, 0.0988208053684007, 44.283485102822, 0.140100834468266, 5.61437886878394, 17.6928884737327, 405.667058472422, 230.477251038798, 3.8211622631705, 95.9712694849815, 258.510466727549, 98.9080278332812, 0.0185081855815328, 
10, MN500, 20, 55, 79.8053267045455, 0, 1016.28758322976, 0, 0, 0, 153.817098721591, 0, 0, 416.858522727273, 0, 462.715890225497, 9.59038307883523, 77.7657598322088, 267.691752485795, 0, 1337.69277066317, 0, 24.0223477450284, 0, 958.799297540838, 1084.17667729638, 0.0441233678297563, 561.167449396307, 0, 0, 0, 669.653025679155, 1238.45577725497, 0, 0, 0, 0, 0, 
10, MN504, 21, 14401, 67.9810536653745, 0.384926512459733, 481.367610732198, 402.625328136545, 0.244562465642428, 0.422049650143653, 576.282892039781, 0, 0.465909866895637, 300.653985244517, 11.0706983042251, 39.4792790444359, 110.368841200005, 101.529257057094, 25.9143492806811, 53.1340558763246, 782.845748080908, 392.464494564146, 114.598369714941, 0, 388.183660306613, 1289.06800302896, 0.133717586394689, 113.764367648127, 0.0973320327180267, 0.922026772025923, 13.0292709368599, 714.82177023855, 756.488457480219, 1.53483885849907, 16.8189759387894, 388.299457371247, 149.287541153778, 0, 
20, inactiv, 0, 0, NaN, NaN, NaN, NaN, NaN, NaN, NaN, NaN, NaN, NaN, NaN, NaN, NaN, NaN, NaN, NaN, NaN, NaN, NaN, NaN, NaN, NaN, NaN, NaN, NaN, NaN, NaN, NaN, NaN, NaN, NaN, NaN, NaN, NaN, 
20, MN101, 1, 10773, 138.910031950569, 18.6005973139591, 383.569209916163, 321.356278002633, 0, 28.8053125367129, 346.556612818108, 0, 0.31921473968486, 1956.83021199315, 11.8742309826325, 229.148423022351, 27.4605188641521, 285.416276621042, 198.576122222677, 45.4979724393608, 261.010159932902, 57.9747471856748, 540.45277537147, 0, 60.1921277132515, 999.410787718438, 0.263598108937855, 57.4601664049628, 0.101868353336621, 5.9774592686505, 18.3968027345563, 360.778193382326, 207.323367609704, 4.49552973427946, 257.343668069878, 276.044327838855, 414.118190137388, 0, 
20, MN102, 2, 8590, 117.17899841202, 2.73262196586351, 206.58077085737, 179.833973880364, 0, 6.37058267737712, 791.864825641269, 0, 0.758903451904013, 201.982362617519, 9.61960074888197, 74.5300892462414, 92.4750623993879, 173.060836172937, 106.667336230783, 91.0319617858727, 320.684887055385, 90.6050419479921, 346.057029502966, 0, 182.710725681718, 1252.93553878453, 0.351893193757853, 17.9555777339913, 0.752308467811145, 3.15010437082772, 9.46514205133263, 252.700226002161, 85.1082723002495, 4.86123085244016, 68.4538231406695, 171.579118514144, 109.25305371179, 0.0689482967567666, 
20, MN103, 3, 8809, 117.537491008512, 7.1989829065256, 244.842304989731, 74.4334877647273, 0, 6.22870711076407, 594.949332412749, 0, 0, 381.425293760357, 7.21367242245875, 107.348136419443, 47.3231006535272, 162.607031746097, 135.638175007542, 70.5445224035746, 398.15425353971, 70.2910906700423, 309.791154518695, 0.172453229984072, 162.133729579379, 950.57284741095, 1.46020582845742, 19.2286521971381, 0.380471679135584, 0, 20.9304609971009, 185.992170139425, 87.5022864859766, 2.45276160385785, 166.904363457468, 95.4391498615474, 147.194218560534, 0.152031777137551, 
20, MN104, 4, 5138, 210.178531069475, 0.465776184367131, 284.511862039473, 135.590550797976, 0, 11.4889196467891, 534.908412079187, 0, 0, 392.932198963633, 4.11640688191132, 162.395655587843, 30.5883163386813, 316.966620729609, 191.232932013266, 177.626824697849, 1485.96861861716, 456.323750082738, 302.400230470452, 0, 254.588803051881, 1035.94307537093, 0.282478332426725, 24.0428725168741, 2.62269746772321, 31.1027426714097, 27.7885179827769, 145.587743128376, 100.073689521264, 5.43019370097231, 231.960376455887, 165.891518700861, 88.3720601787823, 0.080336912637, 
20, MN200, 5, 7713, 180.248748044304, 12.1464986980433, 394.041945495665, 269.153702063148, 0, 4.2741414093251, 518.890120829974, 0, 19.6730226358211, 777.837093555555, 8.59613298381231, 161.885866795009, 75.0841344865274, 121.50199104156, 133.691043114424, 28.2761687857777, 295.833597723247, 100.067032272831, 292.306240783844, 0.428426550903874, 96.1338913377336, 1025.73291886239, 0.10872027624539, 21.7048452133244, 2.21926368140655, 9.29599914194683, 24.3075798011917, 340.250816610495, 160.070055532931, 5.09425324230177, 137.932175879563, 284.119558488412, 175.997611739208, 0, 
20, MN201, 6, 42783, 173.173200628337, 4.74899393068335, 419.638471784887, 455.713091779373, 0.0110846701520519, 5.4190086652032, 495.333450764689, 0, 9.77211879153067, 744.178517543297, 9.80908124163056, 215.535695317199, 93.1400440670265, 164.879562860824, 155.683231402427, 36.93967550581, 428.794689492881, 128.891399793788, 259.140265005121, 0.446079172208807, 100.231862207918, 987.934402202379, 0.351718710807581, 29.6867191004496, 2.14443432161852, 9.97426208106626, 38.0209865360979, 502.990751899599, 217.936142846216, 2.49596056951435, 167.950471896247, 557.689584843198, 181.4777908677, 0.102487516517997, 
20, MN202, 7, 17504, 156.260597474737, 6.90740602587433, 197.045709377451, 333.566660680544, 0, 6.16506777908074, 436.002692140268, 0, 5.62625326404188, 738.242641105512, 15.4176775828222, 436.493939428486, 45.1339487017182, 129.342347561332, 321.605868670143, 49.1141937127715, 267.092423468787, 74.5882044596907, 263.786894026143, 1.64991246629677, 65.681950074881, 682.337749278661, 0.134875888580378, 24.3382196565869, 0.803661387788312, 19.2432223839559, 16.5122524990242, 263.248052306746, 102.919314299903, 2.86642013563752, 227.599562605077, 340.533543782217, 269.17211080491, 0.0280303972512756, 
20, MN203, 8, 1202, 175.573989757087, 1.92732165141431, 196.043418950923, 301.539864893959, 0, 0.377525748508345, 474.247119335882, 0, 0, 456.304828338337, 6.45231921869189, 131.051625351739, 10.9703627632382, 91.3087238178475, 106.405489053583, 37.1760783124089, 516.52969509988, 62.4503329907003, 536.541199568306, 0, 172.403773696569, 1324.82736412003, 0.151403292443312, 33.543449643051, 0.775344336092373, 0, 6.49061876446157, 146.673242668146, 26.4464040302397, 11.5148716321999, 90.2332150876621, 344.109119821507, 111.55823309608, 0, 
20, MN204, 9, 14335, 133.405522435461, 2.00465248568282, 236.225914938042, 249.96387790165, 0.000181114694404402, 5.68054952631439, 493.229043524956, 0, 4.29851431445789, 286.506352639173, 8.49082247813924, 173.244973074704, 45.4715049331181, 98.5925634790639, 176.466233486392, 101.675012289991, 734.735026901027, 149.833180313456, 175.730986113959, 0.816815037589311, 143.701760329907, 855.154031814496, 0.488674611533025, 10.9938008824998, 1.28582272737501, 4.04840462521306, 12.404013358503, 221.816931471078, 113.556092798814, 6.91813553383345, 121.087665250237, 286.986098575359, 83.9881115680045, 0.0233312089891437, 
20, MN300, 10, 8832, 132.241883906954, 3.38873044995294, 605.831181635891, 398.208066112753, 0.000316062780178112, 26.9615940546644, 674.93372335974, 0, 0.671065689860911, 571.756070428298, 13.049515712317, 143.40396642469, 197.736012166366, 266.840632482715, 93.0352900784085, 105.729250179901, 584.07745782815, 191.882690584314, 300.227644089015, 0, 307.651168777783, 1310.2636121238, 0.125182003646657, 13.9085081435632, 1.34519122539601, 6.29228083810944, 23.343314687411, 325.79315123815, 261.425097589907, 6.33704475648161, 71.1774712075358, 395.304843188196, 131.30587117212, 0.175104013387708, 
20, MN301, 11, 41134, 140.960188331732, 16.2323512826054, 530.10620815915, 352.875589651446, 6.31175947947467E-05, 9.34346437196875, 492.617994708788, 0, 7.61829373883698, 772.286362746904, 11.3124593946239, 244.623329368662, 107.804573956661, 166.006434968181, 138.131707947215, 82.5663724944409, 646.644579354527, 147.819252229128, 371.529905634089, 0.22443493870761, 145.056489552581, 1164.65094516521, 0.354316403482457, 48.1947396087758, 0.78564222514696, 9.63283990453884, 29.3346774903026, 549.577588886207, 279.662792728443, 4.69338379744604, 164.696235898142, 471.373136691766, 247.596336821764, 0.51407692473788, 
20, MN302, 12, 61583, 107.694015855279, 5.9785268941, 271.175827524583, 192.53652455155, 0, 7.61236731288258, 582.628717204257, 0, 4.17756581794654, 432.379693882809, 15.0458550485194, 183.831097645849, 102.710309613578, 132.369261809885, 222.612961448064, 48.7450815313575, 321.807065926919, 86.1929998725976, 233.647374486164, 0.147136372256085, 142.97594394445, 1001.98166821212, 0.230580184647957, 13.9539210680947, 0.535116461970154, 3.24709425360768, 16.7565351753525, 297.967580656321, 124.693295499938, 3.03283204575976, 126.245832324769, 221.730986874815, 127.411091408822, 0.113404492292953, 
20, MN303, 13, 10582, 127.600057030418, 2.20188822193827, 340.525466901642, 319.069234589552, 0, 13.8190929994671, 559.138950843517, 0, 4.15931863447733, 409.507022323151, 5.17824919132874, 235.147091883384, 96.1766292425663, 238.37532968905, 210.855448721397, 156.264537662487, 946.656875100259, 197.806282611588, 302.590980405056, 0, 225.601903786711, 1054.63260898069, 0.0288879155346631, 25.5311575590201, 1.38026915234624, 17.6646365077571, 27.9237060200805, 302.395931591543, 143.123327638449, 3.17256139460729, 158.834529224944, 335.233800620939, 146.545545054888, 0, 
20, MN304, 14, 29110, 124.76682173671, 3.60088179865804, 504.485164060498, 267.313633363724, 0.000460046904474466, 10.696144415365, 545.549492088515, 0, 4.19002871524833, 513.115401189182, 11.0718368743968, 249.157204758576, 171.766618314006, 147.433634708576, 136.754807940982, 127.782471558516, 1260.40272042316, 369.773783048933, 183.052493685228, 0.436215758249957, 238.701671450689, 903.769754403758, 0.0616192327992116, 73.5768659273893, 0.645641498944883, 25.0497948057174, 27.9736329639871, 453.542841481303, 270.360666444334, 5.85401456066932, 162.331817594143, 361.34495215434, 166.092677222516, 0.280171642349332, 
20, MN400, 15, 1544, 330.517332479589, 20.7659497038688, 254.367309617255, 473.489268638927, 0, 1.93649758452579, 652.745305883607, 0, 0, 263.097210009481, 46.3376802198319, 143.415927541071, 31.4908635085111, 554.242302009479, 46.3415213718315, 491.034303127793, 1454.05158639989, 87.7620785273419, 63.6459023816598, 0, 123.524993247936, 1357.74883310667, 0, 1.34841644208048, 0.620418093982756, 55.0314995958397, 13.4483402232432, 385.360524136708, 607.725575116014, 20.0697360854075, 37.07909080031, 503.577086505495, 113.479291836987, 0, 
20, MN401, 16, 15305, 129.841948145848, 6.27295113444835, 530.337336019861, 366.818763380727, 0.000182389184876386, 4.24295253660195, 573.739168315041, 0, 2.12540544412059, 750.425969455913, 13.8813179847502, 248.409107504854, 127.325698123606, 138.153795772376, 111.885092647946, 42.5966023244643, 385.644064000743, 197.516120806211, 481.906238510608, 0.867807155386056, 187.514636704782, 1260.77594456645, 0.512109993096856, 63.7085897311709, 0.0929009671384157, 37.2274835002691, 31.6466561447986, 559.076673891201, 315.735850332734, 11.4481537554397, 94.5887949101717, 509.566787625512, 214.967212048733, 1.13975291808265, 
20, MN402, 17, 27990, 102.646521872708, 5.15137458247941, 194.03803906497, 122.353180022408, 0, 4.63365973812974, 376.310932121353, 0, 0.143217775181985, 444.469219453354, 11.2758051717258, 414.809359079124, 46.9610551753015, 95.036762431759, 266.833705881384, 30.1758658084839, 395.567363109083, 133.143689911772, 132.755152961074, 1.80774390468345, 68.2544249667828, 658.811522435279, 0.457133437472184, 12.497172426726, 0.304519305356105, 4.89935019473682, 15.441639534479, 217.849323055897, 88.1159434650744, 4.51117336250024, 191.525472448911, 166.286207258109, 141.726940539208, 0.313765058827511, 
20, MN403, 18, 1292, 56.9998749328472, 1.03474251478449, 254.455863214499, 122.382288185805, 0, 6.40070314673078, 933.204502605063, 0, 0, 189.021046641441, 8.51752709604269, 143.803306414247, 269.800971936884, 76.9117813818964, 93.9248820916049, 76.9386408484019, 366.656366713276, 634.695536161724, 103.964801304112, 0, 289.243883670299, 1065.54629306195, 0, 30.5948396747695, 0, 0, 50.1501696441934, 312.588031728201, 102.837088841772, 16.2471732030343, 73.5871430742482, 267.73464495774, 117.467104443456, 0, 
20, MN404, 19, 108539, 100.682122230249, 2.42110151798171, 350.468235001916, 277.51690745125, 0.000474115717064964, 4.5156343295407, 548.690556619037, 0.00211769383554133, 1.45087959114454, 334.811203844579, 10.0386615134757, 161.427943992332, 118.815625895429, 116.048348702362, 85.4715394269256, 82.5559299651384, 1034.18894658611, 319.818656294771, 129.968057985306, 0.189966079070432, 210.90487889674, 946.120059807638, 0.229436714205769, 72.7748036689165, 0.208745744519876, 6.73748005637932, 25.919024135331, 479.263538404329, 283.084035365547, 6.96666649374431, 108.854108474138, 307.660663871915, 132.778214374796, 0.0216819774359979, 
20, MN500, 20, 55, 89.1498918013139, 0, 1662.12809711803, 0, 0, 0, 182.50125209635, 0, 0, 580.009612482244, 0, 639.248427789861, 16.2271550958807, 92.5077015269886, 302.042588667436, 3.78169833096591, 1395.76730901545, 0, 6.47894287109375, 0, 563.653041215376, 1032.9083519242, 0, 498.401787775213, 0, 0, 0, 990.617631708492, 1535.18378933993, 0, 0, 0, 0, 0, 
20, MN504, 21, 14401, 72.1189636339678, 0.634623003373518, 595.118105091905, 495.474705425586, 0, 0.624326786591968, 606.70955785632, 0, 0.972290844331557, 366.448846022972, 9.35102724908187, 50.3865436977516, 194.215763440836, 117.158973411474, 28.5521022207778, 54.084554182176, 886.044217772189, 450.12995062834, 139.371152735429, 0, 402.267351314017, 1252.32803763732, 0.16224868124901, 179.121956500963, 0.132834713961149, 1.30460419279694, 18.4794220104208, 868.836799875257, 901.438136694721, 2.49671927240771, 19.420598777282, 475.848908109356, 205.188606626548, 0, 
30, inactiv, 0, 0, NaN, NaN, NaN, NaN, NaN, NaN, NaN, NaN, NaN, NaN, NaN, NaN, NaN, NaN, NaN, NaN, NaN, NaN, NaN, NaN, NaN, NaN, NaN, NaN, NaN, NaN, NaN, NaN, NaN, NaN, NaN, NaN, NaN, NaN, 
30, MN101, 1, 10773, 139.167066928704, 28.1086879104534, 480.572475681218, 378.5326558613, 0, 36.771160044644, 346.842978176024, 0, 0.482569451696371, 1897.63484882098, 8.43013872273158, 273.618880097784, 34.0291225814138, 300.476758281467, 178.590072013846, 53.3563719042981, 267.420755053921, 67.4763290818152, 633.0845560536, 0.0382471993741225, 99.6798417674657, 975.195387522182, 1.20406646041566, 46.2854459106253, 0.101108881221733, 7.12458084150353, 21.8654677765422, 386.775100075168, 266.089187185822, 13.0994949167312, 287.175244940608, 305.336278385144, 486.5599163854, 0, 
30, MN102, 2, 8590, 118.822671206145, 3.31825203057357, 260.49516037307, 236.704141052388, 0, 7.8121153381845, 807.328442714933, 0, 1.26529617753656, 226.075863793565, 7.33830312776344, 85.419946741586, 135.305647582919, 187.836022080587, 106.721756000319, 99.3759431215743, 372.712694940578, 106.782660903309, 367.416857301315, 0, 214.634958772138, 1221.76938753644, 0.672798366346792, 23.7963856085354, 0.752300697627528, 3.52194817202194, 10.8516506297208, 284.716319629505, 103.987006844464, 6.67752964432775, 70.9000622246401, 215.422005257479, 129.40193963989, 0.0955610992467168, 
30, MN103, 3, 8809, 122.195595977119, 7.74962469164393, 303.121311379583, 93.1792085370217, 0, 7.80531556312093, 593.192270333143, 0, 0, 446.909996603469, 5.60086822166036, 131.405025267387, 71.9675572564537, 184.386828547913, 139.359786277435, 87.9220800553241, 453.470740329666, 82.9270933750797, 365.127138116598, 0.301279290361997, 224.524166222801, 988.108236726235, 1.67243009967395, 28.1570623551342, 0.345742540010895, 0, 31.0475377985616, 193.250915854861, 111.520372739565, 7.9797202751306, 186.583398271492, 121.285398513806, 183.992100611652, 0.217899370577809, 
30, MN104, 4, 5138, 210.532753670434, 0.811470402962227, 373.284301662037, 183.978191439583, 0, 13.039312439143, 549.50774852598, 0, 0, 448.512372711467, 3.4954339787857, 203.019711266886, 45.7165761085835, 307.841770324692, 182.916117743209, 207.256866411935, 1607.12959762987, 503.817804401883, 361.911356450983, 0, 305.674396890571, 1011.04845110442, 0.371356396881139, 35.1802851141265, 2.18149606872505, 46.3462541772494, 37.1199754215298, 177.41774241541, 133.641826669731, 12.0936281702406, 254.210377888115, 212.035223690254, 112.696448828423, 0.124376795179605, 
30, MN200, 5, 7713, 183.139881020604, 18.3365509199382, 522.923252285987, 365.834361660578, 0, 6.44805510758457, 548.655960885978, 0, 34.6128542254782, 839.993860670028, 6.35213558374483, 189.460120988977, 120.431135782793, 136.935610249706, 112.70644516956, 24.2598559514845, 343.182748924785, 111.610384329924, 390.023442816923, 1.86760123564578, 168.544750568732, 1126.64297920789, 0.294631637519828, 35.8447329010401, 1.79885438622072, 9.73114193303412, 29.3602152205806, 391.059026532734, 218.809966587733, 15.2160399883433, 152.897512372236, 375.414302867843, 238.590875002532, 0, 
30, MN201, 6, 42783, 174.632924664909, 6.40744187966015, 509.737423861548, 558.248129491554, 0.0108179996038329, 7.61756503332063, 481.937270919317, 0, 14.1414045146574, 818.208443503927, 7.07200650895285, 269.890688395814, 140.467005055167, 171.561946253242, 156.349619111913, 28.8322482995247, 496.574786080269, 142.228071947612, 286.760111562891, 0.656715614549425, 130.424654064513, 952.507596450646, 0.706293006789575, 48.6112444677251, 1.8525552943398, 9.12088983362031, 42.2139059195659, 522.231758600568, 272.532123173487, 6.19184064083814, 190.313547343684, 665.531860445396, 219.624260632885, 0.167675330629245, 
30, MN202, 7, 17504, 160.360140823566, 10.0954172689692, 245.862518492085, 410.929559071278, 0, 8.26866095419122, 450.349626545459, 0, 9.77337264317263, 808.477235625115, 9.34199158972899, 557.440191349066, 64.4357841681464, 145.775763684152, 316.926818399733, 39.7799508362409, 332.350596684397, 86.0855161707841, 314.59086007712, 2.51741882401367, 97.5878020727656, 697.534677207075, 0.301745040761052, 26.1269227460272, 0.805499540958588, 17.9283965544901, 20.6674178452989, 313.830093823373, 127.67312647089, 7.01735307235387, 265.884040805768, 421.133575328416, 355.455223340221, 0.047472591482961, 
30, MN203, 8, 1202, 173.661558154592, 3.30073747936382, 229.328773584223, 323.1647055399, 0, 0.107514125931878, 482.700422708038, 0, 0, 506.105266630154, 4.06449304979772, 174.624303441674, 10.7946738784206, 109.26455119763, 84.319639989818, 46.8237962595833, 686.074337178578, 81.6620755822409, 674.833606739806, 0, 319.807512467395, 1427.55897448325, 0.535992677913926, 52.6733281775045, 0.678063662793989, 0, 9.13302739249688, 173.407601894039, 38.8227600376935, 37.3921319069759, 100.745104830991, 391.965390724271, 137.973119628806, 0, 
30, MN204, 9, 14335, 138.741981926794, 2.68208235283949, 281.893641304945, 326.35149425005, 0.000166959333469696, 7.56878722889065, 510.290094694203, 0, 6.96732101733152, 320.862085435396, 6.5923619244223, 219.223138262413, 62.2579523108003, 104.774292934219, 166.794212501457, 80.13356912892, 838.94099654531, 175.990950386359, 231.4423784727, 2.60396177826087, 257.937893132062, 943.301455449476, 0.642870298162087, 18.2088727253174, 1.30578319253845, 2.34979933654551, 12.738856168387, 253.815973787587, 154.520763673307, 21.2767395789922, 132.562341619611, 366.872183219955, 102.906154977847, 0.0337332388562195, 
30, MN300, 10, 8832, 136.291317767153, 4.89267479682314, 763.22737502663, 510.554126313631, 0.000293962765431059, 37.3863212103429, 660.995020426275, 0, 1.18089402240256, 614.778264692809, 10.5750689855342, 180.22328514487, 304.000782398858, 255.453076433201, 90.7577266237712, 120.291951349788, 673.659625768095, 205.124025082243, 378.995051619421, 0, 443.546464989583, 1332.62980605293, 0.0684039975260047, 21.1306251252907, 1.40226634073517, 5.70087350969729, 32.0680111663929, 323.382737840539, 364.373707563117, 15.3167418043898, 79.2034794414767, 526.601027791483, 170.086761553164, 0.288009873334912, 
30, MN301, 11, 41134, 136.688562383683, 20.952448209235, 629.226493609075, 405.389872833028, 5.81845199904723E-05, 13.4169330777764, 489.792822187155, 0, 13.4220102183778, 823.450844020647, 8.90936423297395, 299.795258310127, 154.242097930828, 161.675944417615, 135.048510204023, 91.6027956407947, 685.562080653111, 164.989244411723, 441.354564606804, 0.584896905041868, 210.616498658635, 1149.46547053224, 0.823602785938719, 74.4088252546977, 0.830573428341972, 12.1732866239286, 37.3343701314618, 557.640854697069, 336.571827413495, 12.179946146437, 178.421048753407, 550.045347316279, 302.712163400831, 0.845548972799717, 
30, MN302, 12, 61583, 111.472944052209, 5.79936066201591, 341.455011730635, 245.212445390493, 0, 9.82814000903086, 580.510193579788, 0, 6.67177250002664, 490.808967527738, 11.6002952906318, 213.5460734087, 148.734528831161, 138.170219159797, 217.788671796529, 56.6146199652384, 372.792761975815, 95.3769926722787, 252.900511365127, 0.177759017809298, 159.481911130347, 952.586887647955, 0.274666855462724, 19.5135848036661, 0.613043784119597, 3.81072165754921, 23.5915539246909, 338.248567085683, 159.06370065903, 4.29010082091438, 138.706014030634, 282.030685233901, 158.021803148983, 0.16589777332158, 
30, MN303, 13, 10582, 125.313455253823, 2.92057440740989, 430.926794317805, 393.621842889564, 0, 19.5055240788998, 544.984937385084, 0, 7.08323970225826, 458.682081931008, 4.08962822959117, 288.814838816416, 137.371949774515, 262.839447394456, 213.56227731623, 161.642938663815, 1010.50026921475, 237.665118853552, 360.723904448587, 0, 281.067537402638, 1033.420725922, 0.052487063060927, 37.395848817308, 1.1094100594498, 21.6530849440205, 33.0007378609368, 324.930231939482, 189.638619618839, 8.37146177636137, 168.441904353501, 394.606636146858, 170.108370686699, 0, 
30, MN304, 14, 29110, 119.442009634826, 4.87460582134282, 619.606552231349, 312.238999386482, 0.000425686806757726, 15.2466190695885, 536.139531825278, 0, 5.9819969882264, 545.038277419733, 8.5358694126468, 319.068735513782, 248.810341614991, 142.035783229027, 137.568723558878, 134.892346884668, 1254.47724686077, 416.989451003984, 230.014398388926, 1.00558860016131, 316.374220442272, 915.221179637702, 0.204644346409178, 124.638512454988, 0.577378589121675, 33.4756023334908, 34.4852588948414, 464.808370613573, 359.704152989478, 12.6755677669084, 181.775158999639, 452.838239296324, 203.802170619613, 0.473210914484704, 
30, MN400, 15, 1544, 375.491955408469, 27.611649192059, 325.161324184793, 571.510230044627, 0, 1.89066564727941, 637.981216860481, 0, 0, 308.876426562281, 40.9698147306634, 195.837068355145, 33.6498841005595, 699.205629495296, 49.9248198388154, 365.503536060105, 2047.76032092611, 112.64568237443, 87.2680388423445, 0, 176.360428466698, 1362.30264396549, 0.00180791094513137, 2.40276447108373, 1.45798353086481, 72.6955209544286, 16.2460098464254, 452.342504668267, 734.318681905924, 32.8221095176558, 44.0642376855556, 660.665354367983, 147.90630722679, 0, 
30, MN401, 16, 15305, 135.064288801993, 9.12630355670459, 696.6501768873, 451.838049361021, 0.000352025195610597, 6.24491858446532, 581.347500944747, 0, 3.09789064414203, 848.194255693767, 11.3235685061918, 329.816255854096, 181.642945571477, 142.967984266057, 118.958903826621, 40.7241835519715, 439.406897785819, 231.414143601137, 609.692130725581, 4.0724646227144, 341.312393666513, 1276.93698487818, 1.18443705173382, 115.713564528098, 0.162423207798023, 38.5365371458595, 43.7726192699932, 595.142951943578, 407.548579445247, 34.4334438676033, 105.699928787182, 617.797371101566, 266.009034248989, 1.86221646717349, 
30, MN402, 17, 27990, 103.252878064997, 6.96492995180033, 257.102698264168, 164.83472937679, 0, 5.64922325131552, 380.524288237391, 9.97327318699201E-05, 0.228243598788072, 518.129183235318, 8.97334055161585, 488.809745292589, 74.1226742093842, 99.1404995136322, 256.891462924362, 21.8051474217316, 441.876092633727, 152.242606957788, 154.612163343562, 2.99502220412756, 106.596854466428, 675.216323442377, 0.507290921487226, 18.3543864705044, 0.354285076329775, 5.64805533629564, 17.069432585765, 247.979041831116, 114.228042629456, 12.712111059518, 218.023577199054, 215.574804180134, 168.669644265935, 0.502792769987782, 
30, MN403, 18, 1292, 63.4807469025485, 1.48245324291312, 334.092378202976, 165.477622779161, 0, 9.6352341536767, 856.97289337979, 0, 0, 240.706346570154, 7.4109305778155, 191.03800197873, 410.37100618764, 78.0798119155246, 100.461081301096, 62.1126771091308, 414.459872104804, 776.013322930587, 169.607296190764, 0, 524.631695509695, 1150.20245320878, 0, 47.7838574932087, 0, 0, 36.5558185636444, 373.347509996256, 147.5404019902, 37.4628954671854, 83.4891754370356, 322.370819180373, 131.963048853926, 0, 
30, MN404, 19, 108539, 104.777388286691, 3.26838790313929, 438.032889798962, 343.692235273717, 0.000566500163007797, 6.50065402789384, 561.4339249624, 0.00497210247535809, 1.78009197938833, 387.228119300304, 7.81678673775745, 201.950414627464, 179.93034205146, 129.106355574281, 82.4605847705638, 63.3698843253773, 1172.84577759479, 358.437843877514, 172.482175500194, 0.617830167589789, 333.265167011179, 983.614497498963, 0.619552598433053, 113.633338292469, 0.29518351458527, 8.00983902091376, 32.8565509418219, 527.482554719722, 362.346830469533, 19.2153119373825, 125.661938171868, 387.176091138354, 168.64698652382, 0.0289535762155751, 
30, MN500, 20, 55, 82.1655387184837, 0, 2561.54797599099, 0, 0, 0, 192.891986820915, 0, 0, 598.746051580256, 0, 881.099743652344, 17.321406693892, 85.3629794034091, 344.135920854048, 6.30685702237216, 1514.32672701749, 0, 18.8781904047186, 0, 382.544809514826, 1019.90572117892, 0, 499.202370383523, 0, 0, 0, 1294.17605230158, 2138.54274541681, 0, 0, 0, 0, 0, 
30, MN504, 21, 14401, 74.3452703473336, 0.863026899411011, 740.901310305042, 594.76168078024, 0, 0.942751783603149, 600.218248361391, 0, 1.81335734877352, 422.751367606104, 7.50341140041624, 66.5994224833098, 311.913559889596, 118.933229542699, 29.8203756174655, 36.7159619047005, 981.392120903726, 507.042612372749, 171.316022093019, 0, 457.379721279103, 1189.70021117102, 0.198117549697042, 280.594896797438, 0.201430567999067, 0.184456751020606, 24.3488471089001, 980.964646952971, 1118.62300301846, 5.89772608220416, 23.2702780848501, 580.310774926468, 261.318603273796, 0, 
40, inactiv, 0, 0, NaN, NaN, NaN, NaN, NaN, NaN, NaN, NaN, NaN, NaN, NaN, NaN, NaN, NaN, NaN, NaN, NaN, NaN, NaN, NaN, NaN, NaN, NaN, NaN, NaN, NaN, NaN, NaN, NaN, NaN, NaN, NaN, NaN, NaN, 
40, MN101, 1, 10773, 121.227224983634, 30.3844002157403, 559.001692326545, 353.805575979217, 0, 45.5747557869974, 352.160022972388, 0, 0, 1714.73513521343, 6.05495828097368, 271.779957729429, 33.0817241886029, 295.205311691154, 160.30018836994, 58.194285596434, 269.194320268599, 68.3354665461793, 683.183239520454, 0.135221447506888, 176.431121732823, 956.650429857405, 2.45783761896972, 53.6478829047014, 0.155172903380841, 0.0279004004830871, 19.3708284272354, 372.179257453733, 314.414799107313, 34.8961518211616, 274.788319396915, 322.128072024963, 508.037851394479, 0, 
40, MN102, 2, 8590, 119.330541384012, 3.95587941215258, 281.511860279265, 276.898531207439, 0, 9.02279576755653, 818.219676982663, 0, 1.8767480639279, 241.970804032846, 5.85789532911193, 94.8693898085526, 182.328063908001, 207.772139866555, 108.941375960571, 114.124217887585, 381.074925313312, 113.722064242735, 408.689325530704, 0, 230.152180310428, 1165.2071535151, 0.960075600460883, 32.0979312918933, 0.240201621893815, 4.60111072615778, 14.133791556486, 296.99318183451, 122.074145709039, 8.24010182426195, 74.9768712412909, 248.558317844804, 147.365841061966, 0.123799611137133, 
40, MN103, 3, 8809, 118.669649489988, 6.42822496351609, 314.098373813653, 106.836950783021, 0, 8.87270703479751, 579.15782835476, 0, 0, 450.902697681068, 4.57136491719092, 137.062326575479, 80.863550951565, 194.199908512136, 119.617184081106, 98.4769557602547, 438.324339245083, 81.1299363481753, 380.550468500254, 0.0623418656634018, 241.129378011433, 917.784149630168, 2.55730807931432, 34.9712148426691, 0.100399528544124, 0.0164518604241756, 33.9989121742695, 155.619163802918, 129.776965199433, 11.4370363590354, 191.27026314226, 135.220702047583, 205.61174901193, 0.286786399319056, 
40, MN104, 4, 5138, 193.898603816959, 1.09146230570673, 398.440193832593, 188.95630111338, 0, 10.6765738309427, 520.223681190822, 0, 0, 390.240011191173, 2.73586052536686, 201.689205497654, 52.5548015132216, 300.175990454043, 157.516598367422, 218.010870923649, 1505.45854907325, 548.443994941578, 381.712749163109, 0, 355.685843062986, 931.599464969285, 0.496785647120166, 43.1162286923989, 0.723643279669581, 39.4891706223894, 31.2094621728858, 159.346924131972, 154.272558337754, 24.0055117311994, 256.10174352513, 228.996171901921, 118.29380224075, 0.177833554159115, 
40, MN200, 5, 7713, 187.271784452185, 20.8570553297263, 624.970864635612, 435.377132931124, 0, 8.84925284003, 571.744921052794, 0, 50.987891837315, 883.800850975116, 4.85383095456009, 204.385682974996, 145.291306156508, 154.737347265633, 113.83754221759, 27.2714421642471, 367.569667172713, 128.74019221352, 513.206005188335, 6.38719350509911, 286.136263461888, 1210.51166888016, 0.598815961553632, 50.6585359003361, 0.301112087787117, 10.5136347893965, 34.1011638901012, 406.4679387623, 280.925638843229, 43.3868348077625, 165.600636943899, 449.695774535951, 285.407324859887, 0, 
40, MN201, 6, 42783, 171.542485405304, 7.91049795942309, 582.55110183927, 651.987769916327, 0.00833931358884333, 8.24052269738578, 461.769539383296, 0, 19.171508244093, 834.905298038153, 5.14969241014319, 300.695447783973, 175.563152507331, 180.539222373441, 159.658566760038, 31.2622086298799, 529.710642573682, 156.255180571721, 309.731750887707, 0.831425859514467, 146.240590448542, 900.070453126507, 1.29013920385925, 68.6375402005589, 0.63052751644434, 8.60950765008331, 48.2500708724262, 517.88401665241, 327.038043255525, 9.12722985491418, 206.289517486073, 762.34826846898, 251.536323790262, 0.243374269902448, 
40, MN202, 7, 17504, 155.948033586049, 11.2479094395472, 267.143277383156, 453.109597659416, 0, 10.6111465258834, 436.764518710584, 0, 13.4713827129692, 796.965513594748, 5.11437979146132, 615.064763287195, 71.6964588800013, 156.664950607137, 321.441887032751, 45.8122659586166, 389.214995652778, 100.238096202531, 329.039973452006, 2.65472172383199, 115.463872655763, 654.144932232096, 0.40152429151851, 34.048255300609, 0.435004182119038, 1.08510389275699, 19.8705608657335, 320.715914359231, 130.946013134906, 10.2992848303898, 297.7425783051, 468.525863365129, 425.464111440755, 0.0693545559424587, 
40, MN203, 8, 1202, 161.45352444256, 4.80392005399936, 242.864312779685, 300.089418268442, 0, 0.172541715142731, 444.667165981553, 0, 0, 458.470692384461, 2.17445787142795, 126.69294827631, 10.0806016755382, 107.982024854511, 63.4295495742569, 46.2698857819975, 718.421388546758, 95.8498150449426, 731.954888910303, 0, 466.863854536796, 1340.28127513432, 1.17344896210212, 64.1588479040466, 1.4344441975016, 0, 1.85521161020695, 176.866567250298, 51.5121017188677, 86.9247869405889, 78.3703412589138, 370.273372009074, 149.531689779929, 0, 
40, MN204, 9, 14335, 134.076029773386, 3.83991341140156, 305.422731687069, 380.45852808771, 0.000128704627548979, 9.34430860792838, 504.143575016089, 0, 8.36231012148104, 338.963583782038, 4.6505918606965, 244.988235418382, 71.7800396698379, 113.345500265483, 166.848724626006, 88.4678308494423, 907.576096347437, 193.035984332028, 271.09852047088, 5.81132856301826, 381.959730602882, 973.707641660115, 0.741136615368644, 26.4488038860384, 0.562443019522995, 1.92359067652755, 15.5753064626927, 259.661013666162, 179.382254162457, 45.5821900565989, 138.599171878737, 405.045335197734, 112.28095710315, 0.0445088158013058, 
40, MN300, 10, 8832, 125.978134540274, 6.56835353547248, 816.885054383157, 544.728183513966, 0.000270987550417582, 44.1782794828, 621.441202543838, 0, 1.69998998227327, 635.559791457475, 8.62481486548653, 217.183702403005, 383.480763391524, 251.699451112229, 91.4201623691327, 135.553984091793, 727.137576398102, 231.286403288444, 467.404610855505, 0, 594.435540711345, 1317.74691437718, 0.249439321674299, 21.8304196069206, 0.718276006696017, 6.61593306150989, 37.7635938153751, 320.27796594561, 431.749350653448, 39.0146139710062, 87.5406979957892, 619.109924991926, 197.119475572222, 0.409363882643157, 
40, MN301, 11, 41134, 133.287461047632, 26.7729277665263, 720.639583654789, 467.040879728334, 0.00018057844568923, 17.8090411462717, 485.950510400173, 0, 19.1359760134002, 831.220655255141, 6.9354734839416, 350.768532749965, 185.612586413898, 169.204910230067, 135.261258073679, 106.609470951295, 728.254823352446, 183.088917593178, 513.002049859446, 1.91032399837709, 332.990559879602, 1139.29290018714, 1.6185445730633, 101.60191856036, 0.762078401913946, 11.750161207452, 38.3225916476094, 540.98221382707, 397.606160537742, 35.9126678985053, 190.925713131718, 651.032781512257, 333.186340313253, 1.19811950956615, 
40, MN302, 12, 61583, 110.507599218822, 7.52186173783946, 391.433567650763, 292.091451752773, 0, 10.6399142416757, 556.428787896511, 0, 9.70201671903805, 521.18560891536, 8.59079953017227, 232.509342131102, 192.25305197179, 142.657047420766, 213.776483706624, 63.4544717030719, 403.571907292944, 102.759096898652, 262.407756817003, 0.209769392780881, 165.703348780318, 877.272776806815, 0.376506277490579, 25.7933339695857, 0.387728332269169, 3.90632918474784, 28.7867440201286, 356.631769298204, 190.322564283942, 5.22397400252203, 147.484549682773, 328.242812935864, 181.243558472281, 0.215004541753799, 
40, MN303, 13, 10582, 119.356330465694, 2.88436926490439, 475.420811928731, 413.242613663184, 0, 18.9562036762659, 516.393524211975, 0, 10.4820109287883, 458.16787161572, 3.04851356656503, 325.987673008742, 160.276997942326, 266.755786148751, 186.285475323971, 162.91085587765, 1007.29917006672, 264.557122036767, 411.293085647021, 0.0552001791625815, 386.193370315714, 995.812654114349, 0.163404453726757, 48.2320707627943, 0.0934321052116519, 17.5466584824047, 38.0094945111272, 321.937763847525, 206.550810422683, 23.9182973751565, 178.046102400381, 413.780087346479, 196.050140098382, 0, 
40, MN304, 14, 29110, 116.423982275253, 6.29349204626578, 693.989209373707, 342.766091584258, 0.000547168014058539, 19.4661608157065, 531.038127347318, 0, 7.51265920536168, 542.596218963457, 6.00946308123425, 372.509273563845, 287.651472417926, 144.649651717222, 134.788642660501, 146.787027097559, 1252.1620416476, 452.29512927895, 284.363597844352, 1.99508870025551, 417.989282107689, 924.716484648529, 0.354047746004742, 178.092261356785, 0.243582807534014, 38.1764528575283, 38.7485255664339, 441.246435714554, 432.481796344798, 28.5796409447879, 194.999192632297, 517.618645556708, 227.915911427135, 0.706268824027273, 
40, MN400, 15, 1544, 271.308097946752, 13.4728997581363, 381.285994018298, 633.936487133639, 0, 2.49256985916375, 474.720358999436, 0, 0, 321.879160986663, 25.8435286927409, 236.6567381676, 32.6032295568311, 563.351025978209, 56.515746588534, 273.497655004726, 2512.30677500336, 124.818247355328, 105.195090561951, 0, 219.024241043805, 1108.90482575527, 0.00167926590059705, 4.03172727693548, 1.50177140310021, 82.0941954301429, 18.4543810038987, 449.71064267404, 816.614112992901, 36.7621957403391, 43.3958621988642, 736.972350424281, 146.100472370423, 0, 
40, MN401, 16, 15305, 134.23637456027, 12.0043142695709, 835.725878611393, 545.394636439436, 0.000508402983607205, 7.87037713425645, 558.39906537562, 0, 3.63081527256335, 875.443969754899, 7.60862373535621, 386.766741525251, 207.587517398154, 149.570000012331, 117.906875021292, 48.1420438711957, 466.032322729152, 253.010447929654, 713.186169251723, 11.7413131781787, 501.301811955124, 1250.9191185303, 1.6802985619268, 164.411659868322, 0.222126321261399, 33.1995042341046, 47.9897784078873, 575.345336779634, 492.052179894016, 74.9175722494502, 113.893136293675, 719.112595901798, 298.332841738094, 2.61385063263607, 
40, MN402, 17, 27990, 105.327776081339, 7.96443662544624, 306.406833394369, 193.537226776635, 0, 7.09944414940848, 383.419985193632, 9.28014037693429E-05, 0.151975000837353, 547.386865054611, 7.26987512282569, 496.727545497945, 100.954558992122, 111.75125732013, 253.437488372064, 23.5551497330023, 467.138624024834, 176.832725614852, 173.643844792978, 3.62713024906705, 134.341317255874, 680.077898034704, 0.79893428869612, 26.1806983383522, 0.283425316226274, 3.38469578510269, 19.0964657918774, 263.608005742228, 131.672439280307, 18.8681706840458, 244.964497880034, 258.286298999858, 200.121502903914, 0.731691276111446, 
40, MN403, 18, 1292, 66.9562490089759, 2.16184931421428, 402.140146745617, 217.878170834237, 0, 13.0623130739289, 844.501296551789, 0, 0, 274.296018761932, 6.34801568473825, 228.808688842844, 516.828202043155, 90.0662664431537, 105.445616229584, 73.6755727129086, 440.772029796436, 928.002210132847, 255.165845493045, 0, 783.016049110483, 1225.73073947485, 0.00216053753814461, 73.1740891306024, 0, 0, 47.8468379442906, 399.455551937269, 200.345566575372, 86.9670581699525, 83.4107274691756, 415.075356885007, 157.300792756649, 0, 
40, MN404, 19, 108539, 102.439745265767, 3.4760466790109, 493.682857811219, 395.414874930528, 0.000413700634954401, 8.52021855751537, 539.700348098156, 0.00753305317248707, 2.19971016457434, 399.719558807068, 5.3718836936491, 223.124291842089, 221.685886122154, 134.030385938067, 82.1194584867863, 65.9152493544787, 1229.46320724169, 386.233130027353, 192.48910498949, 0.920350328143409, 411.142096272744, 941.245401988214, 0.848368463040975, 150.899516152422, 0.279599356692383, 8.70795918445866, 37.2553827669577, 511.54885705471, 423.796530624934, 28.6099821035748, 138.117826151608, 443.143466088919, 188.849272614732, 0.0429111282103596, 
40, MN500, 20, 55, 76.1543554132635, 0, 3243.92540921298, 0, 0, 0, 197.475895755941, 0, 0, 556.306613991477, 0, 1083.13240980669, 0, 79.0114407626065, 392.017537064986, 8.48294677734375, 1530.80726706765, 0, 40.8791935313832, 0, 294.062230699713, 979.713763050599, 0, 496.167284601385, 0, 0, 0, 1415.27511617487, 2816.1224617698, 0, 0, 0, 0, 0, 
40, MN504, 21, 14401, 74.0903883690255, 1.15723428990425, 854.969385021139, 685.928045381565, 0, 1.15588304524819, 551.638134124922, 0, 2.38825011745061, 415.939261145993, 4.76193209447804, 70.7546666528556, 399.539305034193, 124.417346495289, 27.3275140836896, 35.7257678425897, 995.677786651332, 552.44050740656, 212.05288870455, 0, 533.443994085935, 1113.35215676265, 0.192702549926507, 394.912804205114, 0.238302640100046, 0.185817681719103, 29.7157036147095, 998.622897648338, 1295.33829725157, 16.6108137525028, 26.0900733302545, 690.256965883891, 299.257159018366, 0, 
50, inactiv, 0, 0, NaN, NaN, NaN, NaN, NaN, NaN, NaN, NaN, NaN, NaN, NaN, NaN, NaN, NaN, NaN, NaN, NaN, NaN, NaN, NaN, NaN, NaN, NaN, NaN, NaN, NaN, NaN, NaN, NaN, NaN, NaN, NaN, NaN, NaN, 
50, MN101, 1, 10773, 116.883038552328, 36.8507547473261, 612.738267568009, 384.269056110033, 0, 59.0045380967247, 358.869160610338, 0, 0, 1571.35766063327, 4.48734578373135, 285.385188545079, 29.7798671854978, 300.693229206334, 154.934670535871, 52.7671734077911, 264.376316006288, 77.4760455608943, 760.952004811563, 0.237287115743098, 251.813903866511, 1005.04752333335, 2.88181121515539, 67.8304231608798, 0.255438602170959, 0.0481380079158399, 20.680096032725, 285.570763093299, 371.83004343544, 52.5168242516496, 290.307470475113, 374.239730654371, 564.935370469795, 0, 
50, MN102, 2, 8590, 123.075647933901, 4.26627091040295, 300.609300479067, 332.355526090362, 0, 10.8445496031791, 807.400724181155, 0, 2.65733942424876, 269.124795609164, 4.78918459251939, 98.0123220705736, 231.678582181031, 231.645025153377, 108.114924555413, 131.031391220626, 423.386642491137, 134.465273927948, 438.951399382834, 0, 230.730356582801, 1105.77375368482, 0.349199444700869, 43.606045731177, 0.140042527701719, 5.7086350606401, 18.4623614469979, 289.620732416984, 149.870887980944, 8.66059786049395, 81.8528028499816, 306.573188318113, 172.270047635222, 0.159420580969423, 
50, MN103, 3, 8809, 112.976127785199, 7.53803536991808, 354.762276543704, 115.855537220113, 0, 11.0108864791061, 585.014682971987, 0, 0, 462.142079880376, 3.68741526315047, 147.896430487313, 100.798269768283, 194.046854553597, 111.778630739742, 117.210475617822, 404.972750702786, 94.7462445896862, 443.39163798265, 0.164610328462124, 304.57832778262, 944.27511356058, 4.46084540896308, 39.192874181364, 0.0433330754305965, 0, 37.8111089645145, 162.891175780289, 153.143955056196, 35.6616460718109, 214.866008750561, 158.142862527159, 226.988808916516, 0.377134692291353, 
50, MN104, 4, 5138, 171.386113601396, 1.36053645578327, 379.947106016522, 223.059415271562, 0, 13.860839202275, 511.363200162689, 0, 0, 376.081502530862, 2.18217608814645, 214.578688367975, 62.0611979843996, 296.747142186885, 137.39551771694, 250.818452184977, 1522.58744982728, 626.538669580985, 423.747768078671, 0, 442.032474481628, 928.566986813294, 0.363777930562995, 54.3380415483225, 1.26374599881653, 48.8355405116276, 24.1042378723691, 170.475575991042, 180.080577164413, 43.4512817119986, 240.073107190195, 265.908156609155, 118.219231210872, 0.253004930139098, 
50, MN200, 5, 7713, 185.247207930185, 18.9717054937069, 709.828194007789, 495.229250532141, 0, 12.0545127153489, 594.202324147814, 0, 68.5235556294973, 866.681628572312, 4.03442609470068, 202.325043804402, 178.958167613658, 170.61314685549, 113.414653551651, 28.8946173213636, 378.35946362315, 146.526592675032, 649.454591064745, 16.4790896584239, 470.320556951314, 1294.03912383926, 1.04867499458578, 69.0725611436078, 0.540977411784505, 12.3482459122826, 37.9553855362839, 388.107202824244, 309.690662227622, 104.973178401278, 168.835158930297, 515.542848014559, 325.13418250555, 0, 
50, MN201, 6, 42783, 172.924354012654, 8.54296114325309, 651.509219737033, 750.124144838014, 0, 10.5099315075783, 463.393952159477, 0, 23.4123676163539, 832.134080050985, 4.07948783448786, 303.227032557378, 204.582984215575, 195.177253698663, 154.272455151708, 32.2664937334665, 539.728755014668, 176.531725532602, 333.361571417398, 0.896364705335168, 183.637677457611, 879.041647208056, 1.19103348960388, 93.3672797287747, 0.767878346781665, 7.98466907412324, 55.0642799534548, 517.217163912849, 386.562945874073, 15.6814080334907, 223.524770496498, 870.024794621507, 272.340897988133, 0.335106133261115, 
50, MN202, 7, 17504, 157.975319654492, 10.729213671013, 283.460928955287, 509.363362415181, 0, 13.132287813497, 426.352216391698, 0, 16.075676280794, 777.914336125937, 3.07713359365686, 627.122753985839, 80.0047771389676, 173.132744258825, 308.446756199508, 43.584251169844, 418.257422946094, 113.276912219999, 362.858730631906, 2.9453022327458, 147.04434551142, 633.881947428301, 0.190808877743903, 44.108569653858, 0.559049971456175, 1.40899628531562, 21.9154928911757, 331.506711185019, 157.279085385026, 11.9230852188096, 337.339507232541, 515.864337546298, 487.415838500318, 0.0943881362622137, 
50, MN203, 8, 1202, 145.514711732897, 0.222591431882735, 270.844157483931, 333.257278480466, 0, 0.241529594840305, 368.132637511672, 0, 0, 453.210902942794, 1.0501869797657, 149.070824742119, 12.8174567262266, 117.687109263288, 66.378553749916, 51.5833490983817, 845.529385160487, 116.214213169752, 805.074667633869, 0.23124029632416, 700.228888641776, 1404.91172783407, 1.66305570415967, 70.9628331062203, 2.30975693444444, 0, 2.54975228460379, 190.301208017075, 72.8325381921651, 170.201951437901, 50.0250248190964, 440.388645057869, 174.689771107152, 0, 
50, MN204, 9, 14335, 133.072871494435, 3.92280090406542, 319.571811796574, 431.553104423254, 0.000194730831847442, 11.5721083671322, 502.78864861664, 0, 9.82254782052335, 330.435961729864, 3.3862777534411, 248.608749142664, 82.8534706241626, 119.242824589004, 150.243380568292, 93.3516086643234, 950.109228305065, 196.376828748306, 339.224819781467, 16.0720542741562, 547.391817937731, 1007.20978535993, 1.15727029315761, 34.4175039461027, 0.435012518989528, 2.30402503011948, 18.0726509139477, 272.729806647153, 221.109991857903, 103.419603343387, 142.724435881434, 462.691792933102, 130.191665631585, 0.0586334579781784, 
50, MN300, 10, 8832, 121.789555525834, 7.43690037295438, 827.902990945439, 544.01820800745, 0.000208897286675115, 52.9087600716646, 564.528902266939, 0, 1.52137385935023, 617.420141721495, 5.99462791171623, 233.109743017865, 432.484241607801, 260.684996645088, 83.441220526732, 149.24769322342, 764.195599317416, 241.101683300474, 551.287434040609, 0, 778.373777500961, 1287.99345536622, 0.524778187706851, 27.2292790784352, 0.593027163080979, 3.77048368125722, 39.8762164582377, 303.899932174822, 537.677005335473, 86.7300489411244, 81.8155704936202, 692.480527713679, 212.836226678143, 0.538781347482101, 
50, MN301, 11, 41134, 127.616599902346, 28.4290607796637, 767.835175074595, 508.862999164386, 0.000130980347615602, 23.0937816679967, 474.549889339835, 0, 23.6882813851012, 770.237860778865, 5.47133329331092, 366.576948591539, 197.125658716545, 167.384021736359, 125.876004526538, 114.463516171594, 694.585978906423, 192.976998087533, 571.28884206489, 5.94158963551523, 507.050757774279, 1145.67530658367, 2.10975280124282, 117.088617249711, 1.00668932351221, 6.10104658788333, 41.1875309404648, 505.787896440852, 453.17086404484, 95.0346692257423, 190.044375056645, 727.637540089497, 351.136359254521, 1.55668448678497, 
50, MN302, 12, 61583, 111.398629794646, 8.1825627813427, 432.087763815724, 351.554781524052, 0, 12.4870222186542, 538.448545171433, 0, 13.0947255466184, 543.484723269217, 6.74422910969549, 236.969480371157, 232.835464925522, 149.671776829479, 205.313883352579, 75.0925024792932, 439.907361361069, 117.003494026007, 274.745965794512, 0.240329285099099, 157.355583654898, 820.674595606551, 0.240746930298931, 32.9036468894372, 0.418418743676081, 2.96793934849168, 35.6247974287536, 375.573712484758, 225.347182525133, 5.54939539352037, 161.593288798254, 389.968826265255, 209.773784982944, 0.288101775341561, 
50, MN303, 13, 10582, 108.380115041743, 3.55663090620976, 527.848698796092, 456.173788213432, 0, 24.8731618963057, 518.461043419983, 0, 12.7272586537723, 446.087254776776, 2.45694069535158, 359.358102754347, 183.147245239049, 275.719223193806, 172.868708054052, 180.203462485554, 1026.02074799908, 301.089044267751, 512.591297662049, 0.314419313992068, 564.48765887745, 1024.20208560257, 0.473305914560173, 61.5807186862828, 0.126915604061991, 16.7874857258242, 44.0877284538631, 324.561212992763, 241.15932464924, 63.4910674681399, 174.850249684301, 463.911315588662, 219.671822692367, 0, 
50, MN304, 14, 29110, 111.533131807018, 7.05312237295651, 752.97375184809, 374.72989235383, 0.000404853949387923, 23.8481112956837, 519.477514224249, 0, 8.62424020089058, 514.840809283614, 4.79151388034052, 353.557319881006, 311.069710124608, 137.665269351408, 121.888298164236, 153.546891664377, 1177.51440716471, 452.859337091528, 343.809016280664, 5.01919663054801, 566.95712939339, 951.881837304259, 0.376818452508783, 234.829900442534, 0.300129731993051, 40.5162572981934, 42.604849497914, 406.306795063464, 499.923212367634, 65.3869540227889, 190.903608569866, 581.700473402096, 236.622222542088, 0.907994216277156, 
50, MN400, 15, 1544, 228.628582313811, 10.9684936642029, 430.919302804482, 674.382530400172, 0, 3.32811248858358, 397.028863183112, 0, 0, 298.922308524347, 18.6392883857799, 257.64427231507, 30.5063719874528, 498.456761768522, 53.5610874255086, 198.771951397312, 2913.73259637841, 141.811057004286, 123.945742039483, 0, 291.630221289057, 951.941197985889, 0.00687149661192622, 6.55118888894511, 0.321922440602989, 86.6644827788358, 19.5927370298712, 367.88609479306, 891.290493337602, 50.403004409118, 38.0711484452603, 831.013903966222, 141.924626259143, 0, 
50, MN401, 16, 15305, 124.665263885752, 13.3925669687864, 913.134624684585, 616.350025662033, 0.000446561386833702, 9.92405939684783, 519.973768772323, 0, 3.41414728921755, 829.81475129034, 5.64152738872954, 354.212917829705, 228.162178875223, 149.231708563001, 103.038523042221, 47.9205409777005, 476.408395053125, 245.329741888535, 798.025931724183, 29.5136000328226, 693.042193921599, 1225.43894889221, 2.5599494177584, 225.247668320943, 0.20552065580431, 23.7154484523585, 50.9816642953149, 550.086251939741, 569.32725338657, 154.863272612611, 101.352589237608, 804.79018143433, 306.498404602349, 3.47677355306439, 
50, MN402, 17, 27990, 103.231968585309, 8.10297992320604, 339.538167239207, 213.767372206033, 0, 7.92391272487279, 364.052455152346, 8.63508566569839E-05, 0.202129876183458, 548.989048479927, 5.4734392702469, 471.910429379326, 120.490530913436, 119.959820325633, 251.591685245449, 23.1193433441405, 487.079807915207, 196.659194587988, 189.883113060529, 3.8382653751898, 151.409890938759, 668.511593287282, 0.544326532410911, 35.0896423568807, 0.288629811833952, 3.63061039233983, 21.9258248223199, 269.532238853374, 158.09375583939, 21.181221737032, 274.435183539328, 295.782826108684, 237.094141381534, 1.03123105925805, 
50, MN403, 18, 1292, 52.1257910850247, 2.48018628524922, 448.608076122154, 252.874489751763, 0, 14.814247946252, 705.626527906202, 0, 0, 275.093701867127, 5.29654210824346, 187.925496799658, 521.057315184605, 69.4000972289788, 86.756337013038, 49.1658420562744, 401.90564720531, 949.937611116344, 320.237245657127, 0, 972.629388860874, 1102.2259929564, 0.00416733827384264, 105.800122907656, 0, 0, 45.568291720222, 404.704019677713, 257.501904555519, 139.425031905573, 47.9203864457807, 501.665009566505, 137.199814887054, 0, 
50, MN404, 19, 108539, 93.3629933753633, 2.70552677478621, 537.291711340496, 439.198648067086, 0.00388380580096521, 9.6628100234999, 507.64928461941, 0.00789596795923739, 2.20799853961443, 391.354485301256, 4.1838464391144, 204.662023851864, 245.368888472358, 132.535005278441, 70.4370445471295, 57.8248936809883, 1235.76949959912, 399.790256137194, 226.962702325565, 1.80646594558594, 525.568411675982, 926.149242047681, 0.988836251116255, 185.690415393676, 0.292617503267691, 9.44930356401959, 40.2367116715661, 492.092072753006, 486.184366138371, 56.1544881564892, 131.465865743798, 494.488948257755, 200.572431114309, 0.0604200192262401, 
50, MN500, 20, 55, 70.8398919929158, 0, 3982.96794988459, 0, 0, 0, 199.233774020455, 0, 0, 516.11459775838, 0, 1294.49503964511, 0.0507548635656183, 73.4969776500355, 429.423914129084, 9.93821466619318, 1454.46733308272, 0, 72.9014698722146, 0, 380.441477697546, 960.164201489362, 0, 422.998631425337, 0, 0, 0, 1498.37172640887, 3520.32764545787, 0, 0, 0, 0, 0, 
50, MN504, 21, 14401, 75.0000216141234, 1.30047489863188, 976.091665654818, 763.930244084489, 0, 1.62382142516145, 523.572818130667, 0, 3.12669526937148, 411.664987411592, 3.30367427623124, 80.9481348124207, 451.002164970677, 123.061940138807, 26.5295670779329, 29.6873760969802, 951.251112627111, 604.879725924963, 260.100661340865, 0, 666.717619320161, 1057.11657007861, 0.418390389209273, 488.992414966787, 0.199048551749243, 0.218177739915463, 33.2449901827954, 961.931702990249, 1472.68632324546, 41.6394747520071, 31.0109696322684, 772.387837084621, 318.669000495433, 0, 
60, inactiv, 0, 0, NaN, NaN, NaN, NaN, NaN, NaN, NaN, NaN, NaN, NaN, NaN, NaN, NaN, NaN, NaN, NaN, NaN, NaN, NaN, NaN, NaN, NaN, NaN, NaN, NaN, NaN, NaN, NaN, NaN, NaN, NaN, NaN, NaN, NaN, 
60, MN101, 1, 10773, 100.993201046814, 33.0246381300201, 542.838096940881, 363.578516884456, 0, 67.7577170748504, 326.473508412162, 0, 0, 1255.61564394306, 3.59116767382571, 212.824408409645, 28.0387265686647, 272.316162796878, 103.523183443061, 40.4101291827081, 206.31994999213, 66.2566123515531, 738.758850584519, 0.348362236338096, 294.50168820511, 893.413925702599, 2.00876163659538, 80.3653260438785, 0.333340396680153, 0.0731504279724195, 21.4175618376272, 225.779499880221, 348.159801581239, 64.5775970605315, 282.079745769279, 387.67709990795, 542.381922905219, 0, 
60, MN102, 2, 8590, 118.835156805447, 3.40048462908815, 303.938995757897, 351.934643870877, 0, 10.1376202868638, 783.291176239707, 0, 3.62007756793874, 268.090457008285, 3.4738517306693, 95.2686823506294, 281.424299694218, 256.1792761806, 95.9973510930369, 140.718268164961, 461.906822368097, 156.313659537408, 439.883093932066, 0, 246.002449083051, 1007.98609384207, 0.0347491227706181, 58.9389865879685, 0.157549683567531, 7.09787536905309, 23.0486151929507, 280.787723703296, 179.033316979725, 14.6348689557787, 86.3077316562566, 347.385616624897, 191.478207256908, 0.204913720873654, 
60, MN103, 3, 8809, 109.913987180596, 6.60893185247776, 339.860966575147, 131.717132218459, 0, 12.3315839764208, 570.198343172573, 0, 0, 468.491313574628, 2.76782749073529, 153.901282974886, 116.810287465599, 209.344935755086, 92.1641820671745, 113.875673833236, 409.343590025789, 111.83600848221, 497.15533302937, 0.265976788792224, 358.780359088258, 916.172168521608, 2.09762973741555, 46.9598268458461, 0.0474461318280318, 0, 43.9788837344087, 166.202102116957, 162.450794770371, 56.0077783396437, 238.375298973596, 185.177312696138, 262.766090971723, 0.48457809484618, 
60, MN104, 4, 5138, 155.327047951099, 1.21516087028293, 375.980679272585, 259.838061652326, 0, 17.190419449886, 502.24524629786, 0, 0, 363.022557195498, 1.64398472640013, 208.559733255311, 51.6280652845634, 294.631553403874, 118.47104596543, 271.015471438064, 1458.46786675083, 653.464644346315, 464.616552203302, 0, 574.857355173713, 918.683812037032, 0.518116065387644, 42.3828955130987, 2.16247977751988, 57.951524928276, 26.7590120389054, 185.077134565348, 205.104057080368, 83.1702238159358, 258.037885961388, 295.842055180788, 125.303152170567, 0.348480022663549, 
60, MN200, 5, 7713, 170.890350273, 14.4644365838633, 698.410435672247, 449.608719474964, 0, 15.2506958753639, 577.683001715448, 0, 71.8756571823747, 795.056835267256, 3.21222890839372, 175.232393551812, 205.065201864746, 176.501409124048, 83.4640235145871, 37.1762111054063, 398.019546416704, 160.789261524028, 756.978779451896, 34.6256574809157, 689.416461763038, 1315.96618069311, 1.16859669619214, 77.1922684220292, 0.533157618735437, 14.2319307044123, 42.9410221787815, 389.461319597353, 368.729884919313, 209.255319466499, 161.94430463425, 485.812966559781, 261.849711435153, 0.00404380759762586, 
60, MN201, 6, 42783, 170.846989147592, 7.20468284468373, 657.818997592809, 813.201822026455, 0, 12.4590086261423, 469.602419454753, 0, 28.4270881496082, 791.935689148456, 3.01188101485589, 305.273306406695, 227.794461899468, 201.341336555998, 152.820229059967, 38.4221985259035, 559.458997927368, 194.637098009265, 361.533576426927, 2.2457804423636, 263.197599139763, 848.181999816547, 0.113326390222082, 122.540029716434, 0.754312736518899, 5.47043784835035, 56.5122010219627, 513.880127882237, 434.031247243433, 42.9171445738469, 237.765610477777, 922.71264697121, 290.880211610378, 0.419435773349323, 
60, MN202, 7, 17504, 147.334867974814, 8.18865208172493, 272.8545197972, 508.219698234712, 0, 14.1912546384487, 419.768423072912, 0, 19.071132666886, 716.455286352597, 1.93754367271183, 583.920424535135, 85.7872785971767, 176.061358915577, 294.060976347462, 45.9278441760042, 423.721749620447, 123.138239927004, 385.830401307105, 4.45309459051659, 211.890177465989, 600.614730890765, 0.0975664346266054, 54.7047622600465, 1.05452969311388, 1.78969404760619, 20.668204915153, 330.297971486187, 175.357808015137, 36.4930791084466, 359.718027984618, 505.189787557836, 520.194982561908, 0.0105209150087681, 
60, MN203, 8, 1202, 141.36901666048, 0.530032648223014, 282.094561111907, 413.246636427183, 0, 0.316474394076279, 373.891109936051, 0, 0, 443.165596935346, 0.595805705337477, 158.932764408791, 15.2130898961212, 124.153465174201, 66.3400400529884, 70.531336093901, 932.902506368331, 143.675242787391, 906.449860319718, 1.44897072485798, 938.093422120105, 1385.15072461749, 1.66498339989419, 74.1128605542683, 2.33044440060011, 0.0644837631758755, 3.2842032484921, 196.754657722551, 99.138904641353, 306.87747542751, 52.8765879482675, 544.475973548191, 196.617973471442, 0, 
60, MN204, 9, 14335, 119.05207598699, 4.50707576074457, 301.880884668425, 469.901070489208, 0.000375845526251844, 11.3760852261541, 479.014463384594, 0, 10.1937692429989, 320.088830884592, 2.3556115315146, 247.940922181449, 86.0905316620119, 119.96240975663, 128.256312015027, 102.520350497435, 943.381867692194, 203.852445085231, 407.679487615834, 35.3588056875015, 716.019216511214, 1007.20129665938, 0.97769557931592, 42.5322012330166, 0.312173825296576, 1.98159392203526, 21.5575333306878, 287.213987612433, 246.305156597594, 199.977299884707, 127.377123427832, 505.755441499995, 143.114166209288, 0.0744109117489972, 
60, MN300, 10, 8832, 112.141336578206, 7.17200551430384, 783.232209271279, 607.174128892629, 0.000316062780178112, 51.0124934168829, 529.44952085158, 0, 1.84275132331295, 570.397087838636, 4.11487621816357, 243.834693889579, 448.560528255864, 237.125629638443, 75.8086047191645, 173.260681545119, 699.855066607882, 264.82116348372, 658.036813444606, 0, 992.969380551139, 1252.06806034611, 0.660464014453085, 34.1052876399911, 0.304503862786552, 4.48755063786023, 42.8440045999444, 295.843931452088, 651.783749740517, 175.324850851643, 76.2618047256239, 771.14099188041, 233.69798076007, 0.603247220965399, 
60, MN301, 11, 41134, 120.344400840074, 24.3169186545223, 777.151798629028, 556.67956374454, 0.000189164867606075, 29.6501821366874, 469.002430811103, 0, 27.7409064939804, 703.18138202153, 4.00855834389996, 383.179454370924, 199.086009060043, 161.139283045549, 118.997722318267, 127.769674175136, 680.033694229743, 210.151604937714, 650.335421835663, 17.9409696502517, 709.966591153969, 1140.98249970968, 2.21847305307321, 148.9258137072, 1.13488943761594, 6.67205939205038, 41.9084328259006, 465.571141747596, 520.407613750702, 208.574218379169, 191.915786883083, 808.419607076136, 355.090695042738, 1.80773936909846, 
60, MN302, 12, 61583, 107.273426055207, 7.14735965361122, 437.621050237067, 403.607129837789, 0, 14.4475762067579, 515.40003247545, 0, 16.2829081625452, 535.574350731309, 5.12667531681141, 228.891164142817, 273.674837443525, 160.494477265359, 186.449737712577, 88.4701216426703, 478.429763104447, 135.594424989134, 269.579807887926, 0.26602311259233, 164.986463835474, 736.260810504523, 0.00921259591825007, 40.4136740339466, 0.294433619880689, 3.21578344188343, 40.0611779500511, 387.970782191226, 260.365893409621, 4.9252180887384, 174.013748752713, 446.331788839843, 237.424229396241, 0.299138479299533, 
60, MN303, 13, 10582, 105.347303619853, 3.77889243345634, 524.730709598457, 474.810842686352, 0, 27.8695005558542, 518.551456359688, 0, 15.853029189455, 430.407156633961, 1.94538135324723, 373.290334720914, 201.66664116393, 275.680580480904, 157.461809941116, 186.876483203028, 1009.76472428406, 317.011218055303, 599.85123001112, 1.3085535349005, 778.812937203415, 1053.9781117638, 0.843679236768099, 68.987945576828, 0.237453792726491, 19.7218791462482, 44.540680724717, 327.817127347973, 282.27109781147, 147.965087704432, 186.43426130064, 484.565102066216, 243.080287856117, 0, 
60, MN304, 14, 29110, 106.034025134655, 6.367128534032, 752.989172008479, 395.821453358143, 0.000544912590731955, 26.342412837745, 527.029685169105, 0, 9.96452298572243, 476.347562682518, 3.20585633696765, 373.848206182789, 321.683744926192, 133.482461307242, 116.360739976183, 166.380089392018, 1134.08124140884, 446.119575199611, 425.17254412085, 11.4990252463689, 758.535687635118, 987.75365157899, 0.388040768490015, 293.841453038029, 0.342313542164547, 40.7993864110556, 43.6360797186235, 394.696051591203, 574.377515872161, 151.891010421955, 204.960308490623, 631.596672796147, 251.552783499228, 1.13491560704353, 
60, MN400, 15, 1544, 217.69989989891, 6.70128066305052, 448.116657920452, 702.734232714757, 0, 4.57962130017849, 378.085117520986, 0, 0, 288.586268761152, 14.7935753670706, 268.689539168165, 30.1919340485118, 501.120942009545, 55.9273038379887, 209.857350795843, 3239.62942655639, 154.902258670392, 149.56697178798, 0, 429.737502736749, 947.496539371387, 0.0104615305371853, 11.3713341302822, 0.374631891596503, 88.8517363997939, 18.2190141430791, 367.246165559868, 854.8869817714, 110.245148985806, 40.7373237998992, 912.923211137248, 146.841677138379, 0, 
60, MN401, 16, 15305, 119.285932748024, 14.6998287695679, 973.665469863578, 685.937097910719, 0.00027692537609949, 12.8395155010952, 519.846372827994, 0, 4.16770236873035, 774.974286212099, 4.45140038552514, 380.988502288309, 234.642845801402, 149.451853069726, 99.7575592163535, 58.8080435951174, 497.58851234127, 237.662603141139, 908.536017467648, 72.6001256949915, 940.884828440592, 1236.30881107997, 2.31299908431244, 297.838628725677, 0.187666685415303, 22.8810713952447, 51.8465389616853, 525.862944442228, 682.599299487737, 288.731833863469, 93.5916606396797, 859.849166678198, 309.077225047644, 4.07084814956164, 
60, MN402, 17, 27990, 98.7876387837115, 5.91756065834757, 356.365563484906, 235.691076688504, 0, 7.59734760705553, 360.161087452168, 8.03467715455192E-05, 0.250634067831145, 535.2278100246, 4.19086696799885, 418.115217035436, 123.16252539433, 126.90746358987, 229.48146017993, 25.696163061407, 516.46105932059, 203.403812020163, 215.48282199739, 7.22458342333784, 214.24206703538, 678.53572745974, 0.094558136324322, 35.058803169384, 0.185230849469803, 3.57555159009666, 22.6748920502003, 283.721346153894, 188.983182270708, 51.6735746796278, 297.132587121018, 321.622752097301, 271.265383424917, 1.33738360498666, 
60, MN403, 18, 1292, 48.7460648786542, 2.84279042057947, 466.795122807978, 300.816293244022, 0, 19.9508168306144, 628.938446465015, 0, 0, 295.762896336085, 3.80745410125691, 202.733885945181, 482.148543326847, 46.4243936309874, 88.3069786774485, 58.148750980203, 358.661541795398, 841.190853204521, 389.922220116798, 0, 1208.16971393377, 1129.44140108802, 0.0167001709111335, 139.080343984598, 0, 0, 51.1086418577023, 414.676642929253, 326.670187572208, 260.666411384709, 49.5121239224455, 559.975397358, 146.521728942453, 0, 
60, MN404, 19, 108539, 90.1992192013738, 2.76855482822405, 565.398756633716, 479.985354096693, 0.00683651292131533, 12.2837943952738, 495.227025527517, 0.0106167594271437, 2.74396602370641, 384.824500461755, 3.24107624614127, 222.734355237224, 264.089979350852, 135.737941369217, 67.2205024448591, 68.1590560730099, 1293.05077230063, 439.742463692182, 279.237236836062, 6.00093189209197, 702.82834396195, 947.914313077166, 1.1488930944043, 237.310434757821, 0.327357175603042, 9.8268384604726, 42.8232108548189, 473.240628179655, 565.723867559592, 131.06959726099, 140.767648910842, 549.080599391384, 209.157292348146, 0.077205432006205, 
60, MN500, 20, 55, 65.7142054341056, 0, 4391.17618186257, 0, 0, 0, 201.89450580857, 0, 0, 477.043525444378, 0, 1367.81205042059, 3.32743603966453, 68.3739807128906, 466.952123468572, 9.40123956853693, 1349.08387106115, 0, 102.832530905984, 0, 534.996801437031, 917.837615455281, 0, 478.07216574929, 0, 0, 0, 1543.66567633369, 4309.52229517156, 13.6875890558416, 0, 0, 0, 0, 
60, MN504, 21, 14401, 71.9581437150469, 1.475807901439, 1030.9984286724, 804.119968712044, 0, 2.20819106100996, 494.304603615695, 0, 2.6724837495009, 419.820589798141, 2.58360133853326, 91.5638378236817, 470.449611099948, 125.959221623158, 24.2309560281073, 31.260704743209, 961.843082494556, 668.544856884511, 319.676390052214, 0, 851.921670587582, 1031.11749944963, 0.548101096987335, 609.333566582871, 0.308408847824334, 0.271606253001534, 34.4514541663061, 925.986673801759, 1632.74565489346, 95.8736333093927, 36.091665053515, 837.179926792852, 324.740874196198, 0, 
