Time,InitRow,InitColumn,TotalSites,DamagedSites,CohortsKilled,MeanSeverity,
10, 8, 660, 17, 0, 0, 0, 
10, 9, 304, 363, 359, 171, 2, 
10, 12, 540, 62, 62, 426, 5, 
10, 13, 562, 41, 41, 403, 5, 
10, 17, 542, 133, 133, 1082, 5, 
10, 22, 599, 81, 77, 56, 2, 
10, 25, 549, 18, 0, 0, 0, 
10, 29, 584, 142, 142, 1510, 5, 
10, 35, 310, 394, 384, 250, 2, 
10, 37, 538, 58, 53, 111, 3, 
10, 47, 473, 168, 0, 0, 0, 
10, 62, 420, 399, 399, 3674, 5, 
10, 67, 467, 60, 0, 0, 0, 
10, 73, 313, 4, 0, 0, 0, 
10, 76, 515, 35, 0, 0, 0, 
10, 79, 540, 135, 135, 883, 5, 
10, 82, 556, 136, 0, 0, 0, 
10, 86, 496, 11, 11, 73, 5, 
10, 89, 613, 274, 274, 2200, 5, 
10, 99, 423, 19, 0, 0, 0, 
10, 102, 641, 204, 0, 0, 0, 
10, 103, 653, 173, 113, 160, 2, 
10, 114, 677, 48, 0, 0, 0, 
10, 115, 677, 47, 0, 0, 0, 
10, 117, 436, 50, 28, 21, 2, 
10, 118, 510, 46, 0, 0, 0, 
10, 118, 582, 92, 0, 0, 0, 
10, 119, 422, 62, 62, 319, 4, 
10, 132, 639, 75, 75, 183, 4, 
10, 138, 530, 10, 10, 64, 5, 
10, 140, 318, 86, 86, 593, 5, 
10, 140, 397, 59, 0, 0, 0, 
10, 143, 307, 3, 0, 0, 0, 
10, 148, 699, 6, 0, 0, 0, 
10, 150, 346, 11, 0, 0, 0, 
10, 150, 591, 104, 0, 0, 0, 
10, 151, 799, 114, 107, 3, 1, 
10, 152, 357, 32, 16, 12, 2, 
10, 154, 287, 202, 202, 210, 2, 
10, 157, 817, 39, 34, 9, 3, 
10, 160, 237, 1, 0, 0, 0, 
10, 164, 553, 18, 14, 4, 2, 
10, 165, 499, 77, 0, 0, 0, 
10, 166, 314, 218, 0, 0, 0, 
10, 166, 411, 19, 19, 20, 1, 
10, 167, 174, 48, 48, 536, 4.98, 
10, 167, 624, 360, 0, 0, 0, 
10, 169, 699, 251, 251, 2832, 5, 
10, 170, 759, 40, 0, 0, 0, 
10, 171, 410, 122, 0, 0, 0, 
10, 171, 471, 42, 42, 356, 5, 
10, 171, 552, 23, 12, 4, 2, 
10, 171, 696, 77, 77, 26, 1, 
10, 172, 246, 201, 0, 0, 0, 
10, 172, 706, 112, 0, 0, 0, 
10, 173, 308, 87, 1, 7, 5, 
10, 173, 485, 59, 0, 0, 0, 
10, 173, 670, 133, 0, 0, 0, 
10, 174, 443, 55, 0, 0, 0, 
10, 175, 486, 5, 0, 0, 0, 
10, 175, 765, 128, 0, 0, 0, 
10, 179, 677, 22, 17, 20, 2, 
10, 180, 651, 82, 82, 1008, 5, 
10, 184, 642, 63, 0, 0, 0, 
10, 184, 733, 70, 60, 42, 2, 
10, 185, 623, 35, 0, 0, 0, 
10, 186, 221, 266, 0, 0, 0, 
10, 188, 143, 341, 341, 265, 2, 
10, 189, 76, 347, 342, 90, 1, 
10, 192, 244, 33, 23, 6, 2, 
10, 194, 499, 26, 22, 1, 1, 
10, 195, 15, 62, 0, 0, 0, 
10, 195, 557, 29, 26, 12, 2, 
10, 196, 688, 105, 105, 812, 5, 
10, 197, 351, 42, 0, 0, 0, 
10, 197, 688, 11, 0, 0, 0, 
10, 199, 758, 43, 0, 0, 0, 
10, 199, 781, 70, 70, 86, 2, 
10, 200, 581, 24, 24, 289, 5, 
10, 203, 652, 7, 7, 47, 4.43, 
10, 206, 128, 122, 119, 22, 2, 
10, 206, 492, 10, 0, 0, 0, 
10, 208, 688, 30, 26, 16, 2, 
10, 209, 462, 74, 74, 169, 2, 
10, 212, 732, 168, 167, 54, 1, 
10, 213, 769, 87, 0, 0, 0, 
10, 214, 276, 8, 8, 42, 5, 
10, 214, 737, 87, 1, 10, 5, 
10, 215, 677, 12, 0, 0, 0, 
10, 215, 793, 16, 0, 0, 0, 
10, 216, 375, 25, 25, 157, 5, 
10, 216, 633, 104, 104, 137, 2, 
10, 220, 241, 73, 73, 781, 5, 
10, 222, 309, 78, 0, 0, 0, 
10, 222, 515, 38, 8, 1, 1, 
10, 222, 735, 23, 0, 0, 0, 
10, 226, 714, 17, 0, 0, 0, 
10, 227, 470, 46, 46, 216, 3.89, 
10, 227, 685, 202, 202, 1530, 5, 
10, 229, 575, 68, 68, 9, 1, 
10, 230, 374, 34, 2, 3, 2, 
10, 231, 799, 179, 171, 73, 1, 
10, 233, 382, 31, 31, 194, 4.84, 
10, 233, 827, 1, 0, 0, 0, 
10, 234, 582, 49, 6, 2, 1, 
10, 234, 627, 29, 29, 206, 4.97, 
10, 236, 803, 16, 1, 16, 5, 
10, 237, 647, 24, 0, 0, 0, 
10, 238, 97, 18, 0, 0, 0, 
10, 240, 782, 41, 40, 79, 1.98, 
10, 240, 785, 12, 0, 0, 0, 
10, 244, 571, 26, 0, 0, 0, 
10, 250, 538, 86, 0, 0, 0, 
10, 253, 575, 50, 0, 0, 0, 
10, 254, 442, 13, 6, 2, 1, 
10, 254, 659, 157, 128, 147, 2, 
10, 254, 676, 49, 0, 0, 0, 
10, 257, 584, 230, 0, 0, 0, 
10, 258, 433, 75, 0, 0, 0, 
10, 258, 599, 107, 97, 4, 1, 
10, 258, 662, 5, 0, 0, 0, 
10, 260, 449, 28, 28, 269, 5, 
10, 262, 369, 112, 112, 153, 3, 
10, 263, 444, 93, 93, 929, 5, 
10, 264, 125, 7, 7, 2, 1, 
10, 264, 838, 29, 29, 133, 4, 
10, 266, 248, 129, 129, 763, 5, 
10, 272, 613, 196, 195, 38, 1, 
10, 277, 202, 930, 0, 0, 0, 
10, 278, 700, 3, 0, 0, 0, 
10, 286, 745, 70, 55, 24, 2, 
10, 287, 238, 155, 0, 0, 0, 
10, 290, 728, 291, 289, 54, 2, 
10, 291, 743, 34, 1, 7, 5, 
10, 295, 659, 39, 0, 0, 0, 
10, 295, 767, 106, 0, 0, 0, 
10, 302, 576, 246, 0, 0, 0, 
10, 303, 590, 7, 0, 0, 0, 
10, 305, 198, 465, 0, 0, 0, 
10, 305, 387, 121, 121, 477, 3, 
10, 306, 622, 9, 0, 0, 0, 
10, 308, 547, 125, 125, 950, 5, 
10, 315, 741, 7, 7, 119, 5, 
10, 316, 296, 65, 53, 7, 2, 
10, 316, 317, 51, 51, 426, 5, 
10, 316, 679, 189, 189, 1476, 5, 
10, 316, 814, 70, 0, 0, 0, 
10, 317, 308, 16, 14, 21, 1, 
10, 320, 219, 468, 468, 3394, 5, 
10, 324, 632, 49, 8, 4, 2, 
10, 324, 722, 34, 0, 0, 0, 
10, 332, 460, 194, 194, 4626, 5, 
10, 332, 535, 90, 76, 25, 1, 
10, 333, 541, 26, 0, 0, 0, 
10, 335, 331, 157, 156, 276, 3, 
10, 335, 698, 2, 0, 0, 0, 
10, 339, 354, 23, 0, 0, 0, 
10, 342, 719, 8, 0, 0, 0, 
10, 343, 508, 130, 130, 710, 5, 
10, 345, 284, 126, 125, 108, 3, 
10, 348, 774, 12, 0, 0, 0, 
10, 352, 916, 29, 0, 0, 0, 
10, 357, 812, 59, 0, 0, 0, 
10, 360, 165, 178, 0, 0, 0, 
10, 362, 225, 13, 13, 18, 2, 
10, 362, 671, 154, 154, 83, 1.99, 
10, 367, 214, 90, 0, 0, 0, 
10, 367, 879, 11, 11, 104, 5, 
10, 368, 806, 14, 0, 0, 0, 
10, 370, 679, 99, 99, 664, 4.98, 
10, 370, 807, 86, 85, 88, 2, 
10, 374, 287, 78, 0, 0, 0, 
10, 374, 662, 117, 0, 0, 0, 
10, 375, 924, 114, 68, 685, 5, 
10, 376, 232, 3, 3, 12, 2, 
10, 376, 605, 40, 5, 37, 4, 
10, 380, 86, 219, 0, 0, 0, 
10, 387, 213, 137, 0, 0, 0, 
10, 392, 618, 103, 103, 1009, 5, 
10, 392, 782, 73, 1, 11, 5, 
10, 393, 154, 49, 0, 0, 0, 
10, 396, 821, 146, 0, 0, 0, 
10, 397, 265, 38, 38, 298, 5, 
10, 398, 258, 178, 0, 0, 0, 
10, 400, 31, 387, 379, 57, 1, 
10, 403, 859, 83, 0, 0, 0, 
10, 404, 76, 4, 0, 0, 0, 
10, 406, 767, 29, 0, 0, 0, 
10, 412, 234, 74, 72, 49, 2, 
10, 412, 914, 36, 36, 177, 4.67, 
10, 413, 486, 83, 83, 714, 5, 
10, 413, 887, 216, 0, 0, 0, 
10, 415, 489, 68, 0, 0, 0, 
10, 420, 718, 22, 0, 0, 0, 
10, 424, 761, 100, 100, 101, 2, 
10, 425, 633, 106, 106, 1213, 5, 
10, 427, 711, 28, 2, 3, 1, 
10, 428, 696, 209, 0, 0, 0, 
10, 428, 843, 31, 0, 0, 0, 
10, 429, 717, 4, 0, 0, 0, 
10, 430, 887, 17, 17, 106, 5, 
10, 431, 557, 108, 108, 1021, 4, 
10, 431, 566, 142, 124, 58, 2, 
10, 431, 899, 3, 0, 0, 0, 
10, 437, 195, 172, 0, 0, 0, 
10, 437, 581, 132, 132, 1373, 5, 
10, 437, 626, 1, 1, 2, 5, 
10, 438, 865, 53, 53, 381, 4.89, 
10, 439, 500, 33, 0, 0, 0, 
10, 440, 769, 15, 0, 0, 0, 
10, 444, 593, 17, 17, 192, 5, 
10, 446, 173, 222, 195, 79, 2, 
10, 447, 746, 12, 0, 0, 0, 
10, 448, 618, 55, 55, 76, 3, 
10, 451, 270, 30, 0, 0, 0, 
10, 453, 596, 21, 21, 142, 5, 
10, 453, 651, 3, 0, 0, 0, 
10, 455, 276, 160, 0, 0, 0, 
10, 458, 496, 224, 0, 0, 0, 
10, 460, 902, 3, 0, 0, 0, 
10, 463, 601, 165, 161, 72, 2, 
10, 469, 608, 46, 0, 0, 0, 
10, 470, 239, 114, 91, 22, 1, 
10, 472, 515, 359, 0, 0, 0, 
10, 472, 583, 28, 25, 40, 3, 
10, 474, 697, 54, 54, 277, 5, 
10, 475, 908, 6, 0, 0, 0, 
10, 476, 793, 123, 121, 66, 1, 
10, 478, 539, 78, 0, 0, 0, 
10, 478, 830, 40, 0, 0, 0, 
10, 479, 800, 195, 0, 0, 0, 
10, 480, 715, 44, 35, 18, 2, 
10, 483, 85, 25, 16, 68, 5, 
10, 488, 267, 338, 338, 4328, 5, 
10, 509, 221, 496, 494, 113, 1, 
10, 514, 571, 70, 69, 121, 3, 
10, 528, 510, 53, 28, 4, 1, 
10, 547, 184, 103, 103, 742, 4.99, 
10, 558, 363, 94, 0, 0, 0, 
10, 575, 371, 201, 195, 114, 2, 
10, 578, 373, 127, 0, 0, 0, 
10, 579, 402, 141, 0, 0, 0, 
10, 593, 242, 395, 393, 246, 2, 
10, 593, 347, 55, 55, 290, 4, 
10, 599, 351, 219, 0, 0, 0, 
10, 606, 599, 27, 27, 244, 4.96, 
10, 608, 176, 1, 1, 11, 5, 
10, 612, 242, 376, 376, 61, 2, 
10, 615, 630, 80, 0, 0, 0, 
10, 619, 518, 11, 0, 0, 0, 
10, 626, 463, 480, 0, 0, 0, 
10, 629, 196, 151, 0, 0, 0, 
10, 633, 603, 76, 0, 0, 0, 
10, 634, 589, 92, 90, 7, 1, 
10, 637, 550, 56, 51, 17, 1, 
10, 640, 341, 180, 180, 1770, 5, 
10, 647, 563, 5, 0, 0, 0, 
10, 649, 104, 1038, 1038, 1057, 2, 
10, 659, 642, 131, 129, 218, 3, 
10, 660, 603, 45, 45, 21, 2, 
10, 665, 401, 106, 0, 0, 0, 
10, 669, 462, 49, 49, 281, 5, 
10, 672, 676, 21, 21, 56, 2, 
10, 673, 394, 76, 0, 0, 0, 
10, 678, 399, 72, 41, 3, 1, 
10, 679, 220, 759, 0, 0, 0, 
10, 682, 467, 112, 112, 710, 5, 
10, 684, 111, 212, 0, 0, 0, 
10, 684, 349, 9, 4, 5, 3, 
10, 685, 466, 20, 0, 0, 0, 
10, 686, 362, 28, 0, 0, 0, 
10, 686, 678, 131, 20, 10, 3, 
10, 689, 311, 115, 115, 823, 4.97, 
10, 691, 488, 76, 74, 309, 3, 
10, 692, 364, 30, 30, 240, 5, 
10, 693, 306, 94, 0, 0, 0, 
10, 693, 490, 56, 0, 0, 0, 
10, 694, 115, 524, 0, 0, 0, 
10, 694, 349, 106, 0, 0, 0, 
10, 696, 444, 23, 0, 0, 0, 
10, 697, 504, 138, 0, 0, 0, 
10, 700, 609, 65, 0, 0, 0, 
10, 704, 465, 97, 97, 319, 4, 
10, 706, 559, 34, 0, 0, 0, 
10, 707, 382, 62, 59, 53, 2, 
10, 714, 441, 191, 0, 0, 0, 
10, 714, 557, 2, 0, 0, 0, 
10, 718, 659, 267, 267, 120, 2, 
10, 719, 521, 8, 8, 22, 4, 
10, 724, 441, 34, 0, 0, 0, 
10, 724, 477, 38, 31, 7, 2, 
10, 727, 575, 93, 82, 56, 2, 
10, 728, 422, 20, 19, 19, 1.42, 
10, 728, 499, 26, 0, 0, 0, 
10, 729, 407, 8, 0, 0, 0, 
10, 729, 670, 41, 12, 3, 2, 
10, 734, 658, 122, 122, 159, 3, 
10, 738, 544, 6, 0, 0, 0, 
10, 739, 507, 9, 0, 0, 0, 
10, 743, 400, 11, 11, 10, 3, 
10, 752, 481, 111, 0, 0, 0, 
10, 755, 466, 32, 32, 15, 3, 
10, 756, 496, 38, 16, 3, 1, 
10, 767, 542, 50, 50, 6, 2, 
10, 771, 677, 205, 205, 2013, 5, 
10, 773, 586, 3, 0, 0, 0, 
10, 779, 485, 5, 5, 26, 4, 
10, 782, 505, 10, 7, 6, 4, 
10, 797, 17, 609, 605, 521, 2, 
10, 798, 397, 255, 255, 1950, 5, 
10, 798, 546, 91, 0, 0, 0, 
10, 800, 9, 30, 0, 0, 0, 
10, 815, 569, 202, 172, 91, 2, 
10, 816, 648, 9, 9, 82, 4, 
10, 823, 350, 5, 0, 0, 0, 
10, 826, 574, 125, 0, 0, 0, 
10, 828, 482, 100, 0, 0, 0, 
10, 829, 15, 26, 0, 0, 0, 
10, 837, 594, 42, 42, 627, 5, 
10, 845, 580, 5, 0, 0, 0, 
10, 850, 594, 164, 164, 186, 2, 
10, 854, 362, 477, 0, 0, 0, 
10, 862, 400, 221, 221, 1155, 4, 
10, 868, 122, 31, 0, 0, 0, 
10, 870, 436, 28, 28, 391, 5, 
10, 874, 451, 182, 175, 33, 1, 
10, 875, 652, 45, 45, 61, 3, 
10, 876, 35, 147, 0, 0, 0, 
10, 879, 324, 329, 0, 0, 0, 
10, 879, 638, 37, 30, 14, 2, 
10, 879, 655, 3, 0, 0, 0, 
10, 884, 596, 23, 0, 0, 0, 
10, 885, 41, 50, 50, 191, 4, 
10, 885, 670, 228, 0, 0, 0, 
10, 887, 528, 27, 27, 384, 5, 
10, 888, 627, 59, 0, 0, 0, 
10, 891, 626, 170, 170, 1218, 5, 
10, 895, 654, 272, 272, 1550, 4, 
10, 898, 56, 56, 0, 0, 0, 
10, 899, 276, 414, 413, 162, 2, 
10, 900, 439, 193, 192, 76, 1, 
10, 901, 19, 45, 45, 546, 5, 
10, 902, 456, 194, 194, 1764, 5, 
10, 910, 181, 283, 283, 91, 2, 
10, 916, 662, 143, 140, 21, 1, 
10, 918, 186, 418, 0, 0, 0, 
10, 922, 562, 31, 0, 0, 0, 
10, 926, 334, 456, 418, 34, 2, 
10, 927, 509, 242, 242, 69, 2, 
10, 930, 235, 255, 255, 974, 4, 
10, 933, 171, 214, 0, 0, 0, 
10, 935, 186, 6, 6, 42, 5, 
10, 936, 628, 50, 50, 95, 3, 
10, 942, 574, 178, 98, 22, 2, 
10, 944, 518, 127, 127, 35, 1.91, 
10, 945, 121, 114, 114, 1039, 5, 
10, 947, 51, 7, 6, 166, 5, 
10, 948, 49, 114, 114, 123, 2, 
10, 951, 530, 11, 11, 35, 4.73, 
10, 960, 453, 222, 3, 24, 5, 
10, 964, 595, 260, 260, 2586, 5, 
10, 965, 483, 27, 4, 28, 5, 
20, 12, 629, 45, 45, 358, 5, 
20, 21, 576, 26, 26, 98, 4.92, 
20, 27, 534, 37, 0, 0, 0, 
20, 32, 636, 49, 0, 0, 0, 
20, 33, 576, 177, 0, 0, 0, 
20, 46, 573, 295, 235, 42, 1, 
20, 46, 670, 16, 16, 82, 4.81, 
20, 63, 431, 137, 133, 64, 2, 
20, 63, 491, 104, 104, 688, 5, 
20, 65, 526, 58, 58, 153, 3, 
20, 87, 434, 28, 0, 0, 0, 
20, 88, 393, 322, 263, 61, 1, 
20, 90, 520, 13, 0, 0, 0, 
20, 92, 455, 4, 0, 0, 0, 
20, 98, 442, 72, 0, 0, 0, 
20, 100, 425, 197, 196, 1091, 4, 
20, 104, 472, 8, 0, 0, 0, 
20, 105, 552, 90, 74, 27, 2, 
20, 106, 399, 308, 0, 0, 0, 
20, 109, 354, 170, 169, 86, 1.97, 
20, 109, 664, 47, 4, 24, 4.75, 
20, 113, 655, 440, 0, 0, 0, 
20, 113, 671, 30, 27, 10, 2, 
20, 116, 440, 1, 1, 8, 5, 
20, 117, 530, 22, 17, 11, 3, 
20, 117, 554, 11, 11, 11, 1.73, 
20, 121, 683, 117, 7, 40, 5, 
20, 124, 449, 296, 0, 0, 0, 
20, 126, 635, 24, 0, 0, 0, 
20, 129, 517, 227, 0, 0, 0, 
20, 129, 657, 22, 22, 325, 5, 
20, 132, 448, 96, 0, 0, 0, 
20, 134, 326, 46, 0, 0, 0, 
20, 134, 398, 15, 15, 191, 5, 
20, 135, 612, 46, 0, 0, 0, 
20, 138, 514, 6, 6, 65, 5, 
20, 138, 555, 20, 20, 273, 5, 
20, 139, 548, 29, 29, 305, 5, 
20, 148, 138, 407, 407, 3852, 5, 
20, 148, 708, 108, 108, 36, 1, 
20, 149, 299, 81, 0, 0, 0, 
20, 150, 79, 917, 917, 7396, 5, 
20, 151, 769, 5, 0, 0, 0, 
20, 152, 409, 38, 0, 0, 0, 
20, 152, 531, 117, 0, 0, 0, 
20, 152, 586, 65, 0, 0, 0, 
20, 152, 800, 288, 0, 0, 0, 
20, 153, 815, 197, 0, 0, 0, 
20, 155, 800, 216, 0, 0, 0, 
20, 156, 702, 90, 89, 17, 2, 
20, 157, 792, 3, 0, 0, 0, 
20, 158, 345, 53, 53, 299, 4.96, 
20, 158, 571, 3, 3, 20, 5, 
20, 159, 516, 121, 0, 0, 0, 
20, 159, 804, 112, 1, 1, 4, 
20, 160, 748, 18, 0, 0, 0, 
20, 162, 604, 11, 11, 67, 5, 
20, 162, 767, 81, 80, 63, 1.9, 
20, 164, 381, 36, 0, 0, 0, 
20, 165, 367, 49, 0, 0, 0, 
20, 166, 537, 51, 51, 333, 5, 
20, 168, 509, 110, 110, 985, 5, 
20, 168, 512, 20, 0, 0, 0, 
20, 169, 379, 90, 90, 436, 5, 
20, 170, 469, 70, 69, 101, 3, 
20, 170, 513, 122, 0, 0, 0, 
20, 172, 766, 22, 22, 96, 4, 
20, 173, 592, 108, 105, 54, 2, 
20, 173, 665, 158, 158, 1898, 5, 
20, 174, 453, 27, 0, 0, 0, 
20, 176, 15, 461, 427, 286, 2, 
20, 176, 766, 26, 0, 0, 0, 
20, 176, 792, 135, 0, 0, 0, 
20, 177, 321, 15, 15, 90, 5, 
20, 179, 571, 53, 53, 517, 5, 
20, 179, 736, 1, 0, 0, 0, 
20, 180, 389, 83, 82, 9, 1.88, 
20, 182, 448, 248, 248, 1469, 4, 
20, 183, 731, 19, 14, 5, 2, 
20, 187, 779, 13, 13, 12, 2, 
20, 189, 807, 102, 101, 249, 3, 
20, 190, 671, 33, 33, 245, 5, 
20, 193, 501, 1, 0, 0, 0, 
20, 196, 247, 122, 0, 0, 0, 
20, 197, 305, 127, 127, 774, 5, 
20, 200, 712, 8, 0, 0, 0, 
20, 201, 40, 1459, 0, 0, 0, 
20, 201, 766, 104, 102, 27, 1, 
20, 202, 552, 165, 165, 1431, 5, 
20, 202, 655, 49, 48, 43, 2, 
20, 203, 703, 94, 94, 873, 5, 
20, 204, 826, 1, 1, 18, 5, 
20, 205, 413, 30, 0, 0, 0, 
20, 206, 580, 29, 25, 1, 1, 
20, 207, 369, 98, 98, 962, 5, 
20, 207, 395, 92, 0, 0, 0, 
20, 207, 495, 311, 0, 0, 0, 
20, 207, 567, 49, 0, 0, 0, 
20, 207, 646, 105, 105, 471, 4, 
20, 210, 47, 242, 1, 1, 2, 
20, 211, 522, 57, 0, 0, 0, 
20, 211, 805, 3, 3, 12, 4, 
20, 212, 234, 3, 0, 0, 0, 
20, 212, 773, 61, 52, 17, 2, 
20, 215, 728, 27, 20, 5, 2, 
20, 216, 732, 2, 2, 21, 5, 
20, 218, 477, 17, 9, 13, 3, 
20, 219, 759, 16, 16, 166, 5, 
20, 221, 43, 284, 1, 5, 2, 
20, 221, 374, 1, 0, 0, 0, 
20, 222, 591, 22, 0, 0, 0, 
20, 223, 761, 367, 0, 0, 0, 
20, 224, 574, 11, 0, 0, 0, 
20, 225, 483, 156, 0, 0, 0, 
20, 230, 512, 26, 0, 0, 0, 
20, 230, 553, 6, 6, 3, 3, 
20, 237, 633, 208, 180, 128, 2, 
20, 237, 664, 148, 0, 0, 0, 
20, 240, 411, 55, 0, 0, 0, 
20, 240, 651, 60, 0, 0, 0, 
20, 244, 474, 296, 296, 2643, 5, 
20, 246, 809, 79, 0, 0, 0, 
20, 249, 411, 115, 37, 319, 5, 
20, 251, 441, 4, 4, 18, 5, 
20, 253, 781, 27, 0, 0, 0, 
20, 257, 435, 39, 39, 202, 4, 
20, 258, 413, 100, 0, 0, 0, 
20, 259, 90, 24, 24, 5, 1, 
20, 259, 103, 62, 62, 561, 4, 
20, 261, 355, 2, 0, 0, 0, 
20, 261, 450, 5, 0, 0, 0, 
20, 262, 465, 184, 174, 28, 1, 
20, 262, 579, 57, 51, 37, 1.8, 
20, 263, 213, 48, 0, 0, 0, 
20, 263, 241, 35, 35, 41, 5, 
20, 264, 822, 291, 0, 0, 0, 
20, 266, 475, 72, 0, 0, 0, 
20, 268, 572, 129, 104, 64, 1.94, 
20, 271, 623, 22, 0, 0, 0, 
20, 276, 842, 86, 86, 352, 4, 
20, 278, 845, 7, 0, 0, 0, 
20, 279, 531, 170, 167, 270, 3, 
20, 280, 46, 168, 168, 320, 3, 
20, 281, 802, 119, 0, 0, 0, 
20, 283, 461, 79, 0, 0, 0, 
20, 283, 666, 57, 51, 269, 5, 
20, 283, 736, 71, 57, 131, 4, 
20, 293, 735, 347, 0, 0, 0, 
20, 296, 478, 171, 0, 0, 0, 
20, 299, 630, 329, 320, 88, 1, 
20, 301, 797, 84, 84, 208, 3, 
20, 303, 178, 111, 0, 0, 0, 
20, 303, 760, 36, 36, 21, 1.75, 
20, 304, 248, 236, 0, 0, 0, 
20, 306, 24, 403, 0, 0, 0, 
20, 310, 535, 60, 60, 162, 3, 
20, 310, 623, 111, 111, 1014, 5, 
20, 311, 99, 142, 0, 0, 0, 
20, 311, 717, 5, 0, 0, 0, 
20, 314, 288, 12, 0, 0, 0, 
20, 315, 773, 13, 0, 0, 0, 
20, 316, 58, 62, 62, 407, 5, 
20, 317, 471, 2, 0, 0, 0, 
20, 317, 599, 14, 0, 0, 0, 
20, 319, 219, 609, 601, 1442, 4, 
20, 319, 690, 1, 1, 12, 5, 
20, 325, 426, 16, 0, 0, 0, 
20, 327, 309, 18, 0, 0, 0, 
20, 330, 112, 3, 3, 31, 5, 
20, 332, 615, 94, 94, 65, 3, 
20, 334, 208, 144, 144, 778, 5, 
20, 334, 519, 144, 0, 0, 0, 
20, 339, 802, 18, 0, 0, 0, 
20, 341, 253, 51, 0, 0, 0, 
20, 342, 306, 90, 2, 8, 3, 
20, 342, 821, 75, 0, 0, 0, 
20, 344, 283, 116, 29, 1, 1, 
20, 345, 816, 15, 0, 0, 0, 
20, 346, 865, 165, 163, 119, 2, 
20, 348, 899, 45, 45, 329, 4, 
20, 351, 256, 101, 0, 0, 0, 
20, 351, 877, 61, 0, 0, 0, 
20, 355, 323, 234, 234, 2113, 5, 
20, 358, 229, 130, 121, 31, 2, 
20, 362, 860, 41, 0, 0, 0, 
20, 363, 692, 39, 27, 6, 1.74, 
20, 366, 681, 21, 0, 0, 0, 
20, 368, 541, 11, 0, 0, 0, 
20, 368, 697, 24, 24, 180, 4.75, 
20, 370, 256, 105, 0, 0, 0, 
20, 372, 746, 35, 35, 95, 3, 
20, 373, 351, 10, 0, 0, 0, 
20, 373, 742, 4, 4, 8, 2, 
20, 374, 302, 44, 44, 128, 3, 
20, 374, 605, 122, 0, 0, 0, 
20, 375, 689, 1, 0, 0, 0, 
20, 376, 729, 63, 0, 0, 0, 
20, 377, 157, 48, 0, 0, 0, 
20, 379, 252, 170, 161, 98, 2, 
20, 383, 882, 5, 0, 0, 0, 
20, 387, 773, 46, 0, 0, 0, 
20, 393, 474, 120, 0, 0, 0, 
20, 395, 799, 53, 53, 383, 4, 
20, 398, 763, 165, 165, 1024, 4, 
20, 400, 188, 145, 0, 0, 0, 
20, 400, 679, 22, 22, 65, 4, 
20, 403, 690, 102, 95, 41, 2, 
20, 413, 914, 1, 0, 0, 0, 
20, 414, 582, 156, 47, 1, 1, 
20, 417, 659, 203, 0, 0, 0, 
20, 418, 658, 12, 0, 0, 0, 
20, 422, 253, 16, 5, 2, 1, 
20, 424, 901, 41, 25, 6, 2, 
20, 427, 513, 230, 0, 0, 0, 
20, 427, 785, 134, 106, 1, 1, 
20, 428, 909, 38, 0, 0, 0, 
20, 430, 579, 62, 0, 0, 0, 
20, 431, 616, 23, 2, 10, 4, 
20, 434, 544, 29, 0, 0, 0, 
20, 439, 550, 16, 15, 8, 3, 
20, 446, 756, 279, 0, 0, 0, 
20, 446, 869, 19, 0, 0, 0, 
20, 450, 775, 76, 76, 1046, 5, 
20, 451, 569, 130, 130, 603, 5, 
20, 451, 663, 6, 0, 0, 0, 
20, 452, 647, 20, 19, 19, 2, 
20, 454, 673, 29, 26, 30, 2, 
20, 458, 550, 2, 1, 3, 4, 
20, 463, 555, 19, 19, 73, 5, 
20, 463, 598, 13, 13, 3, 2, 
20, 463, 898, 85, 0, 0, 0, 
20, 466, 569, 5, 0, 0, 0, 
20, 466, 757, 45, 0, 0, 0, 
20, 467, 595, 28, 0, 0, 0, 
20, 469, 224, 517, 509, 52, 2, 
20, 476, 592, 14, 14, 120, 5, 
20, 478, 537, 200, 0, 0, 0, 
20, 479, 840, 159, 0, 0, 0, 
20, 479, 891, 193, 190, 62, 2, 
20, 483, 87, 56, 0, 0, 0, 
20, 488, 579, 105, 0, 0, 0, 
20, 488, 660, 127, 124, 19, 2, 
20, 490, 578, 51, 0, 0, 0, 
20, 501, 270, 23, 23, 103, 5, 
20, 514, 224, 635, 0, 0, 0, 
20, 525, 570, 64, 61, 16, 2, 
20, 527, 261, 156, 0, 0, 0, 
20, 532, 442, 40, 40, 239, 5, 
20, 534, 191, 260, 237, 4, 2, 
20, 538, 243, 171, 0, 0, 0, 
20, 541, 281, 820, 820, 6153, 5, 
20, 556, 315, 163, 163, 1720, 4.99, 
20, 561, 452, 336, 0, 0, 0, 
20, 562, 169, 248, 0, 0, 0, 
20, 570, 490, 347, 0, 0, 0, 
20, 570, 521, 163, 0, 0, 0, 
20, 587, 105, 308, 0, 0, 0, 
20, 591, 514, 2, 0, 0, 0, 
20, 594, 195, 140, 32, 3, 1, 
20, 600, 420, 676, 676, 3088, 4, 
20, 601, 208, 2, 0, 0, 0, 
20, 607, 503, 3, 0, 0, 0, 
20, 610, 115, 914, 914, 196, 2, 
20, 610, 233, 683, 0, 0, 0, 
20, 611, 484, 9, 0, 0, 0, 
20, 613, 550, 130, 130, 978, 4.99, 
20, 616, 242, 67, 67, 494, 5, 
20, 620, 359, 144, 144, 1027, 5, 
20, 626, 375, 34, 34, 111, 5, 
20, 630, 473, 93, 92, 394, 4, 
20, 637, 344, 443, 0, 0, 0, 
20, 638, 374, 25, 25, 80, 4, 
20, 642, 172, 27, 0, 0, 0, 
20, 643, 267, 158, 0, 0, 0, 
20, 647, 503, 71, 0, 0, 0, 
20, 648, 440, 7, 1, 1, 2, 
20, 650, 230, 416, 0, 0, 0, 
20, 652, 499, 114, 0, 0, 0, 
20, 654, 624, 55, 55, 644, 5, 
20, 655, 175, 13, 0, 0, 0, 
20, 659, 174, 321, 321, 59, 1, 
20, 662, 355, 40, 36, 8, 2, 
20, 668, 414, 50, 0, 0, 0, 
20, 670, 501, 27, 7, 3, 2, 
20, 670, 656, 507, 507, 4286, 5, 
20, 673, 477, 20, 20, 135, 4, 
20, 673, 500, 58, 57, 9, 1, 
20, 677, 102, 47, 41, 42, 2, 
20, 678, 87, 47, 44, 7, 2, 
20, 680, 301, 181, 0, 0, 0, 
20, 685, 89, 74, 0, 0, 0, 
20, 687, 567, 46, 0, 0, 0, 
20, 687, 588, 240, 240, 2672, 5, 
20, 689, 347, 19, 0, 0, 0, 
20, 689, 366, 29, 0, 0, 0, 
20, 690, 458, 163, 163, 585, 4, 
20, 692, 404, 40, 40, 266, 4, 
20, 692, 423, 161, 146, 86, 1, 
20, 692, 426, 77, 0, 0, 0, 
20, 692, 455, 1, 0, 0, 0, 
20, 695, 429, 5, 5, 58, 4.8, 
20, 696, 318, 254, 0, 0, 0, 
20, 698, 306, 234, 0, 0, 0, 
20, 701, 86, 49, 0, 0, 0, 
20, 703, 565, 44, 38, 11, 2, 
20, 707, 442, 118, 118, 1436, 5, 
20, 712, 364, 22, 22, 189, 5, 
20, 713, 423, 48, 47, 92, 3, 
20, 716, 553, 48, 0, 0, 0, 
20, 717, 593, 47, 47, 342, 5, 
20, 718, 596, 37, 0, 0, 0, 
20, 718, 674, 21, 21, 9, 2, 
20, 719, 573, 64, 0, 0, 0, 
20, 722, 441, 68, 68, 423, 5, 
20, 723, 573, 53, 32, 10, 2, 
20, 724, 502, 73, 0, 0, 0, 
20, 724, 652, 66, 66, 485, 5, 
20, 729, 671, 48, 0, 0, 0, 
20, 730, 407, 67, 67, 615, 5, 
20, 732, 172, 19, 19, 144, 5, 
20, 733, 72, 186, 186, 262, 2, 
20, 734, 594, 26, 26, 147, 4, 
20, 735, 563, 173, 173, 1773, 5, 
20, 739, 274, 334, 334, 2621, 5, 
20, 740, 570, 16, 0, 0, 0, 
20, 742, 503, 111, 111, 124, 3, 
20, 747, 372, 24, 0, 0, 0, 
20, 749, 400, 1, 0, 0, 0, 
20, 753, 666, 70, 70, 899, 5, 
20, 757, 645, 73, 0, 0, 0, 
20, 759, 429, 41, 34, 1, 1, 
20, 768, 604, 40, 40, 35, 2, 
20, 774, 463, 14, 11, 4, 3, 
20, 775, 359, 778, 0, 0, 0, 
20, 776, 317, 2, 2, 29, 5, 
20, 778, 331, 108, 0, 0, 0, 
20, 778, 512, 14, 0, 0, 0, 
20, 780, 640, 90, 0, 0, 0, 
20, 781, 609, 130, 127, 204, 2, 
20, 783, 533, 130, 0, 0, 0, 
20, 793, 674, 81, 81, 627, 5, 
20, 796, 537, 45, 0, 0, 0, 
20, 801, 463, 176, 172, 66, 2, 
20, 801, 469, 55, 0, 0, 0, 
20, 806, 669, 18, 18, 225, 5, 
20, 807, 273, 18, 0, 0, 0, 
20, 807, 631, 177, 0, 0, 0, 
20, 819, 499, 140, 0, 0, 0, 
20, 820, 559, 39, 38, 37, 2, 
20, 821, 524, 191, 0, 0, 0, 
20, 824, 510, 155, 0, 0, 0, 
20, 830, 583, 46, 41, 7, 2, 
20, 834, 513, 68, 0, 0, 0, 
20, 838, 567, 8, 8, 30, 4, 
20, 842, 616, 61, 0, 0, 0, 
20, 843, 513, 17, 0, 0, 0, 
20, 845, 586, 212, 0, 0, 0, 
20, 846, 414, 58, 0, 0, 0, 
20, 847, 429, 170, 152, 17, 1, 
20, 847, 440, 82, 0, 0, 0, 
20, 847, 501, 22, 0, 0, 0, 
20, 851, 613, 67, 1, 12, 5, 
20, 854, 575, 85, 0, 0, 0, 
20, 860, 672, 178, 178, 121, 2, 
20, 861, 13, 7, 5, 5, 2, 
20, 862, 187, 95, 95, 360, 4, 
20, 865, 32, 304, 267, 12, 1, 
20, 865, 139, 14, 0, 0, 0, 
20, 868, 41, 148, 145, 64, 2, 
20, 869, 58, 8, 0, 0, 0, 
20, 870, 564, 109, 107, 201, 3, 
20, 872, 444, 17, 16, 70, 3, 
20, 872, 656, 91, 0, 0, 0, 
20, 874, 657, 115, 0, 0, 0, 
20, 877, 605, 82, 82, 537, 4, 
20, 880, 439, 142, 115, 15, 1, 
20, 881, 482, 137, 122, 29, 2, 
20, 883, 29, 91, 10, 2, 1, 
20, 883, 476, 43, 43, 30, 1.98, 
20, 887, 433, 71, 0, 0, 0, 
20, 887, 664, 44, 44, 13, 2, 
20, 889, 95, 64, 0, 0, 0, 
20, 889, 677, 5, 5, 48, 5, 
20, 891, 120, 46, 46, 145, 2.98, 
20, 892, 131, 65, 0, 0, 0, 
20, 892, 507, 74, 0, 0, 0, 
20, 893, 87, 111, 109, 13, 1, 
20, 894, 171, 167, 0, 0, 0, 
20, 894, 196, 240, 0, 0, 0, 
20, 898, 501, 438, 0, 0, 0, 
20, 898, 540, 44, 24, 1, 1, 
20, 899, 14, 23, 23, 219, 5, 
20, 899, 342, 789, 789, 149, 2, 
20, 902, 510, 8, 0, 0, 0, 
20, 904, 642, 115, 115, 1016, 5, 
20, 905, 639, 30, 30, 409, 5, 
20, 908, 653, 28, 28, 56, 3, 
20, 912, 434, 58, 58, 530, 5, 
20, 914, 151, 62, 62, 977, 5, 
20, 914, 631, 38, 38, 426, 5, 
20, 916, 333, 914, 0, 0, 0, 
20, 918, 80, 12, 0, 0, 0, 
20, 918, 264, 1120, 1116, 110, 1, 
20, 920, 66, 51, 51, 376, 5, 
20, 922, 506, 11, 0, 0, 0, 
20, 922, 622, 43, 43, 96, 3, 
20, 922, 642, 44, 30, 1, 1, 
20, 923, 621, 95, 0, 0, 0, 
20, 923, 638, 2, 1, 3, 3, 
20, 928, 69, 151, 139, 38, 2, 
20, 929, 646, 50, 0, 0, 0, 
20, 930, 416, 91, 91, 973, 5, 
20, 931, 145, 41, 0, 0, 0, 
20, 932, 124, 9, 5, 6, 1, 
20, 932, 525, 167, 167, 1620, 5, 
20, 934, 213, 204, 0, 0, 0, 
20, 935, 105, 35, 26, 15, 2, 
20, 936, 419, 41, 41, 13, 1, 
20, 941, 443, 56, 52, 12, 1, 
20, 942, 491, 5, 0, 0, 0, 
20, 943, 114, 232, 232, 21, 1, 
20, 944, 262, 494, 0, 0, 0, 
20, 945, 227, 134, 134, 175, 2, 
20, 950, 200, 76, 0, 0, 0, 
20, 952, 52, 29, 0, 0, 0, 
20, 959, 190, 14, 0, 0, 0, 
20, 959, 668, 5, 0, 0, 0, 
20, 962, 514, 7, 0, 0, 0, 
20, 964, 569, 38, 0, 0, 0, 
20, 971, 619, 11, 0, 0, 0, 
20, 971, 666, 98, 0, 0, 0, 
30, 4, 464, 364, 363, 1452, 4, 
30, 16, 423, 387, 0, 0, 0, 
30, 26, 669, 155, 0, 0, 0, 
30, 28, 579, 90, 0, 0, 0, 
30, 28, 628, 64, 0, 0, 0, 
30, 35, 549, 89, 0, 0, 0, 
30, 57, 420, 529, 529, 2578, 5, 
30, 64, 396, 246, 0, 0, 0, 
30, 68, 521, 1, 1, 4, 4, 
30, 72, 503, 27, 27, 105, 5, 
30, 79, 373, 227, 227, 388, 3, 
30, 80, 493, 172, 166, 76, 2, 
30, 85, 450, 71, 71, 197, 3.99, 
30, 86, 583, 131, 131, 788, 5, 
30, 87, 456, 5, 5, 15, 5, 
30, 87, 580, 92, 0, 0, 0, 
30, 96, 606, 33, 0, 0, 0, 
30, 99, 339, 34, 0, 0, 0, 
30, 99, 660, 388, 379, 474, 2, 
30, 106, 478, 15, 6, 4, 1, 
30, 106, 628, 856, 0, 0, 0, 
30, 107, 449, 2, 2, 2, 1, 
30, 107, 681, 69, 65, 247, 4, 
30, 109, 424, 38, 38, 401, 5, 
30, 113, 438, 72, 72, 629, 5, 
30, 114, 434, 10, 0, 0, 0, 
30, 118, 617, 193, 1, 4, 5, 
30, 119, 586, 10, 10, 26, 3, 
30, 121, 535, 11, 11, 68, 5, 
30, 130, 525, 79, 79, 448, 4.99, 
30, 130, 527, 265, 0, 0, 0, 
30, 131, 387, 156, 156, 138, 2, 
30, 131, 416, 68, 0, 0, 0, 
30, 131, 669, 52, 52, 523, 5, 
30, 132, 607, 9, 6, 4, 2, 
30, 136, 356, 8, 7, 6, 5, 
30, 138, 418, 112, 0, 0, 0, 
30, 138, 543, 9, 0, 0, 0, 
30, 138, 671, 8, 7, 10, 3, 
30, 139, 565, 174, 174, 223, 2, 
30, 139, 675, 24, 19, 2, 1, 
30, 141, 393, 253, 0, 0, 0, 
30, 141, 521, 219, 103, 20, 1, 
30, 142, 538, 51, 51, 374, 5, 
30, 142, 663, 10, 10, 71, 5, 
30, 144, 666, 54, 54, 452, 4.98, 
30, 149, 720, 85, 85, 68, 2, 
30, 149, 781, 39, 0, 0, 0, 
30, 149, 808, 20, 0, 0, 0, 
30, 151, 546, 68, 64, 15, 1.75, 
30, 151, 655, 33, 11, 3, 1, 
30, 153, 274, 67, 0, 0, 0, 
30, 155, 688, 22, 0, 0, 0, 
30, 155, 705, 250, 245, 100, 2, 
30, 157, 546, 59, 0, 0, 0, 
30, 158, 494, 168, 168, 1689, 5, 
30, 163, 213, 31, 30, 21, 2, 
30, 163, 703, 19, 0, 0, 0, 
30, 164, 236, 155, 0, 0, 0, 
30, 165, 638, 93, 0, 0, 0, 
30, 167, 16, 396, 0, 0, 0, 
30, 167, 250, 302, 298, 193, 2, 
30, 170, 351, 19, 19, 81, 4, 
30, 170, 451, 431, 431, 4461, 4.99, 
30, 171, 236, 10, 0, 0, 0, 
30, 175, 244, 237, 227, 132, 2, 
30, 176, 571, 85, 0, 0, 0, 
30, 183, 160, 326, 0, 0, 0, 
30, 184, 407, 52, 52, 365, 5, 
30, 185, 410, 2, 2, 2, 2, 
30, 188, 733, 131, 130, 69, 1.98, 
30, 189, 826, 4, 0, 0, 0, 
30, 190, 225, 47, 46, 306, 5, 
30, 190, 652, 58, 58, 549, 5, 
30, 191, 615, 54, 0, 0, 0, 
30, 192, 649, 73, 0, 0, 0, 
30, 193, 85, 89, 79, 24, 2, 
30, 194, 631, 17, 17, 189, 5, 
30, 200, 353, 222, 222, 149, 2, 
30, 204, 650, 21, 0, 0, 0, 
30, 205, 362, 53, 0, 0, 0, 
30, 205, 813, 145, 145, 922, 4, 
30, 206, 637, 234, 0, 0, 0, 
30, 206, 775, 271, 269, 153, 2, 
30, 208, 426, 4, 0, 0, 0, 
30, 210, 328, 187, 161, 28, 1, 
30, 212, 228, 36, 36, 262, 5, 
30, 213, 220, 616, 0, 0, 0, 
30, 214, 626, 25, 0, 0, 0, 
30, 214, 636, 38, 0, 0, 0, 
30, 215, 24, 773, 748, 416, 2, 
30, 216, 409, 89, 89, 325, 4, 
30, 217, 406, 142, 1, 1, 5, 
30, 218, 456, 27, 27, 2, 1, 
30, 220, 254, 229, 229, 1882, 5, 
30, 221, 385, 1, 0, 0, 0, 
30, 222, 542, 147, 135, 44, 2, 
30, 222, 662, 33, 0, 0, 0, 
30, 223, 638, 18, 0, 0, 0, 
30, 226, 80, 15, 10, 5, 2, 
30, 227, 242, 1, 0, 0, 0, 
30, 228, 72, 15, 15, 73, 4, 
30, 228, 478, 152, 0, 0, 0, 
30, 229, 474, 17, 1, 12, 5, 
30, 231, 102, 474, 474, 3434, 5, 
30, 234, 31, 158, 158, 980, 4.99, 
30, 236, 83, 27, 0, 0, 0, 
30, 243, 518, 26, 0, 0, 0, 
30, 243, 539, 126, 126, 349, 3, 
30, 243, 769, 77, 77, 66, 2, 
30, 246, 833, 36, 35, 44, 2, 
30, 248, 40, 333, 0, 0, 0, 
30, 251, 432, 240, 240, 1151, 4, 
30, 253, 332, 3, 0, 0, 0, 
30, 253, 526, 1, 0, 0, 0, 
30, 255, 850, 67, 50, 13, 2, 
30, 259, 630, 54, 0, 0, 0, 
30, 260, 75, 393, 0, 0, 0, 
30, 266, 800, 79, 79, 597, 5, 
30, 268, 215, 200, 0, 0, 0, 
30, 271, 833, 10, 10, 11, 3, 
30, 274, 180, 117, 117, 1382, 5, 
30, 275, 375, 121, 121, 91, 1.96, 
30, 275, 821, 2, 0, 0, 0, 
30, 277, 793, 51, 51, 88, 2, 
30, 278, 627, 32, 0, 0, 0, 
30, 279, 470, 1, 0, 0, 0, 
30, 280, 406, 37, 0, 0, 0, 
30, 286, 93, 46, 46, 330, 5, 
30, 287, 724, 107, 0, 0, 0, 
30, 288, 668, 60, 59, 453, 5, 
30, 289, 763, 17, 17, 220, 5, 
30, 297, 753, 54, 54, 347, 5, 
30, 297, 799, 1, 0, 0, 0, 
30, 298, 599, 30, 0, 0, 0, 
30, 300, 405, 7, 7, 54, 5, 
30, 303, 689, 20, 0, 0, 0, 
30, 308, 589, 62, 39, 10, 2, 
30, 308, 600, 138, 138, 1188, 5, 
30, 310, 451, 89, 0, 0, 0, 
30, 310, 459, 144, 126, 68, 1.96, 
30, 311, 307, 82, 82, 37, 2, 
30, 314, 828, 95, 95, 242, 3, 
30, 315, 401, 5, 5, 52, 4.8, 
30, 316, 597, 154, 150, 37, 1, 
30, 318, 336, 39, 21, 4, 2, 
30, 319, 144, 1310, 0, 0, 0, 
30, 320, 487, 60, 0, 0, 0, 
30, 322, 208, 118, 0, 0, 0, 
30, 323, 721, 43, 42, 209, 4, 
30, 328, 659, 16, 0, 0, 0, 
30, 335, 772, 5, 5, 6, 1, 
30, 338, 560, 64, 5, 4, 2, 
30, 338, 813, 146, 146, 341, 3, 
30, 341, 356, 2, 0, 0, 0, 
30, 349, 775, 148, 0, 0, 0, 
30, 351, 280, 2, 0, 0, 0, 
30, 352, 364, 124, 123, 153, 2, 
30, 353, 349, 430, 430, 3446, 5, 
30, 355, 316, 31, 0, 0, 0, 
30, 356, 683, 113, 0, 0, 0, 
30, 357, 919, 57, 0, 0, 0, 
30, 359, 908, 2, 2, 8, 2, 
30, 364, 636, 135, 135, 811, 5, 
30, 364, 823, 16, 0, 0, 0, 
30, 364, 826, 99, 0, 0, 0, 
30, 365, 504, 43, 13, 1, 2, 
30, 365, 509, 148, 148, 1122, 5, 
30, 365, 752, 131, 103, 16, 1, 
30, 365, 833, 1, 0, 0, 0, 
30, 366, 346, 49, 0, 0, 0, 
30, 368, 676, 3, 0, 0, 0, 
30, 370, 879, 95, 0, 0, 0, 
30, 371, 820, 29, 1, 1, 1, 
30, 372, 926, 12, 0, 0, 0, 
30, 373, 672, 53, 53, 455, 5, 
30, 373, 763, 11, 0, 0, 0, 
30, 374, 711, 35, 35, 5, 1, 
30, 375, 847, 48, 48, 367, 5, 
30, 378, 554, 9, 7, 6, 2, 
30, 386, 547, 480, 0, 0, 0, 
30, 386, 855, 53, 53, 407, 4, 
30, 389, 868, 54, 0, 0, 0, 
30, 389, 914, 146, 146, 1246, 5, 
30, 395, 299, 22, 0, 0, 0, 
30, 397, 270, 2, 2, 10, 5, 
30, 399, 266, 61, 0, 0, 0, 
30, 399, 602, 90, 90, 334, 3.99, 
30, 400, 268, 119, 0, 0, 0, 
30, 401, 83, 356, 0, 0, 0, 
30, 402, 304, 18, 0, 0, 0, 
30, 402, 638, 93, 93, 38, 2, 
30, 403, 575, 62, 62, 29, 2, 
30, 404, 125, 101, 101, 861, 5, 
30, 404, 290, 134, 134, 739, 5, 
30, 406, 200, 98, 81, 61, 2, 
30, 407, 633, 31, 0, 0, 0, 
30, 409, 887, 18, 17, 21, 2, 
30, 414, 258, 36, 9, 1, 1, 
30, 415, 81, 446, 0, 0, 0, 
30, 416, 633, 5, 0, 0, 0, 
30, 418, 597, 2, 0, 0, 0, 
30, 418, 922, 28, 0, 0, 0, 
30, 420, 475, 14, 0, 0, 0, 
30, 423, 163, 8, 0, 0, 0, 
30, 423, 540, 63, 63, 275, 4, 
30, 424, 575, 266, 265, 46, 2, 
30, 426, 542, 16, 16, 163, 5, 
30, 427, 233, 84, 84, 90, 2, 
30, 428, 665, 13, 0, 0, 0, 
30, 429, 572, 237, 1, 3, 4, 
30, 431, 912, 2, 1, 4, 5, 
30, 440, 877, 34, 0, 0, 0, 
30, 442, 200, 58, 0, 0, 0, 
30, 444, 857, 23, 23, 16, 1, 
30, 446, 169, 690, 684, 253, 2, 
30, 448, 721, 179, 153, 54, 1, 
30, 449, 926, 83, 83, 791, 5, 
30, 450, 530, 153, 150, 26, 2, 
30, 450, 590, 3, 3, 37, 5, 
30, 451, 493, 196, 147, 22, 2, 
30, 453, 581, 71, 71, 243, 4, 
30, 453, 668, 17, 0, 0, 0, 
30, 462, 560, 65, 34, 12, 2, 
30, 462, 657, 155, 0, 0, 0, 
30, 463, 96, 15, 0, 0, 0, 
30, 464, 689, 96, 0, 0, 0, 
30, 470, 567, 12, 0, 0, 0, 
30, 470, 678, 57, 57, 324, 5, 
30, 474, 628, 16, 0, 0, 0, 
30, 475, 923, 27, 13, 1, 2, 
30, 478, 807, 5, 0, 0, 0, 
30, 482, 694, 65, 42, 1, 1, 
30, 486, 460, 532, 0, 0, 0, 
30, 487, 198, 116, 110, 8, 2, 
30, 489, 530, 705, 0, 0, 0, 
30, 490, 206, 155, 155, 567, 4, 
30, 495, 267, 290, 0, 0, 0, 
30, 515, 573, 180, 0, 0, 0, 
30, 519, 99, 620, 0, 0, 0, 
30, 520, 131, 279, 0, 0, 0, 
30, 528, 428, 366, 366, 2171, 5, 
30, 532, 584, 60, 43, 7, 1, 
30, 542, 582, 49, 42, 10, 1, 
30, 543, 293, 23, 0, 0, 0, 
30, 547, 178, 160, 159, 40, 2, 
30, 553, 128, 76, 15, 1, 2, 
30, 562, 471, 131, 128, 29, 2, 
30, 572, 505, 211, 205, 36, 1, 
30, 577, 403, 725, 701, 320, 2, 
30, 579, 70, 268, 102, 1, 1, 
30, 580, 393, 203, 0, 0, 0, 
30, 582, 249, 281, 241, 13, 1, 
30, 587, 575, 83, 2, 6, 5, 
30, 589, 177, 493, 492, 144, 2, 
30, 604, 177, 86, 86, 177, 3, 
30, 606, 614, 54, 54, 404, 5, 
30, 608, 479, 71, 0, 0, 0, 
30, 608, 511, 228, 0, 0, 0, 
30, 619, 634, 13, 0, 0, 0, 
30, 620, 606, 28, 0, 0, 0, 
30, 627, 292, 1, 1, 16, 5, 
30, 632, 630, 13, 0, 0, 0, 
30, 634, 527, 35, 35, 212, 4, 
30, 635, 179, 392, 0, 0, 0, 
30, 637, 496, 151, 0, 0, 0, 
30, 640, 477, 55, 0, 0, 0, 
30, 642, 327, 38, 1, 3, 5, 
30, 663, 638, 82, 0, 0, 0, 
30, 668, 474, 18, 3, 2, 1, 
30, 669, 614, 74, 74, 13, 1, 
30, 673, 542, 70, 4, 8, 4, 
30, 674, 502, 59, 47, 24, 2, 
30, 675, 399, 58, 43, 4, 2, 
30, 677, 400, 78, 77, 306, 5, 
30, 678, 319, 173, 160, 79, 3, 
30, 681, 546, 93, 93, 126, 3, 
30, 685, 472, 94, 94, 276, 5, 
30, 686, 479, 36, 0, 0, 0, 
30, 690, 549, 113, 102, 22, 1, 
30, 691, 546, 35, 0, 0, 0, 
30, 699, 438, 64, 64, 77, 2, 
30, 706, 562, 30, 30, 46, 3, 
30, 707, 113, 191, 191, 626, 3, 
30, 711, 601, 97, 0, 0, 0, 
30, 716, 402, 106, 106, 71, 2, 
30, 718, 535, 81, 80, 60, 2, 
30, 727, 464, 104, 0, 0, 0, 
30, 731, 527, 175, 0, 0, 0, 
30, 735, 667, 95, 95, 570, 5, 
30, 737, 654, 5, 0, 0, 0, 
30, 742, 642, 137, 0, 0, 0, 
30, 744, 586, 33, 0, 0, 0, 
30, 747, 586, 74, 69, 54, 2, 
30, 748, 518, 40, 40, 283, 5, 
30, 749, 641, 101, 0, 0, 0, 
30, 752, 413, 24, 18, 4, 1, 
30, 753, 464, 45, 45, 87, 3, 
30, 755, 360, 66, 66, 328, 5, 
30, 758, 531, 168, 168, 1150, 4.99, 
30, 759, 413, 91, 0, 0, 0, 
30, 759, 671, 77, 0, 0, 0, 
30, 766, 657, 142, 0, 0, 0, 
30, 767, 611, 63, 52, 62, 2, 
30, 782, 608, 241, 0, 0, 0, 
30, 783, 517, 46, 0, 0, 0, 
30, 794, 402, 10, 0, 0, 0, 
30, 795, 11, 97, 96, 46, 2, 
30, 798, 382, 27, 18, 6, 2, 
30, 798, 554, 124, 121, 64, 2, 
30, 801, 7, 98, 84, 14, 2, 
30, 802, 539, 54, 0, 0, 0, 
30, 803, 488, 72, 72, 4, 1, 
30, 804, 347, 108, 91, 17, 1, 
30, 805, 530, 189, 184, 22, 1.82, 
30, 816, 14, 14, 0, 0, 0, 
30, 817, 664, 64, 64, 168, 3, 
30, 821, 659, 62, 60, 224, 2.97, 
30, 825, 480, 8, 8, 65, 5, 
30, 828, 601, 113, 0, 0, 0, 
30, 829, 516, 67, 0, 0, 0, 
30, 830, 562, 27, 0, 0, 0, 
30, 832, 566, 8, 0, 0, 0, 
30, 834, 69, 5, 5, 42, 3, 
30, 834, 480, 90, 0, 0, 0, 
30, 838, 44, 102, 100, 30, 2, 
30, 840, 633, 25, 0, 0, 0, 
30, 847, 631, 32, 0, 0, 0, 
30, 859, 45, 351, 351, 80, 1, 
30, 859, 396, 94, 8, 1, 2, 
30, 863, 634, 54, 52, 43, 2, 
30, 864, 544, 108, 108, 794, 4.98, 
30, 866, 121, 3, 3, 7, 3.67, 
30, 868, 541, 82, 0, 0, 0, 
30, 868, 656, 69, 68, 28, 2, 
30, 869, 577, 27, 0, 0, 0, 
30, 869, 600, 200, 200, 398, 3, 
30, 870, 72, 41, 41, 287, 5, 
30, 873, 593, 7, 0, 0, 0, 
30, 874, 202, 25, 0, 0, 0, 
30, 879, 631, 37, 37, 296, 4.97, 
30, 881, 142, 12, 0, 0, 0, 
30, 882, 192, 131, 125, 80, 2, 
30, 882, 495, 48, 0, 0, 0, 
30, 883, 419, 13, 13, 31, 4, 
30, 885, 588, 65, 0, 0, 0, 
30, 889, 26, 90, 78, 117, 3, 
30, 889, 140, 15, 14, 8, 1, 
30, 889, 551, 186, 185, 87, 2, 
30, 892, 109, 29, 0, 0, 0, 
30, 895, 102, 207, 0, 0, 0, 
30, 899, 658, 39, 39, 239, 5, 
30, 901, 49, 49, 49, 251, 5, 
30, 907, 455, 73, 34, 6, 2, 
30, 909, 470, 109, 108, 749, 5, 
30, 911, 28, 89, 89, 341, 2, 
30, 912, 20, 16, 0, 0, 0, 
30, 912, 589, 5, 0, 0, 0, 
30, 913, 177, 479, 0, 0, 0, 
30, 914, 500, 126, 0, 0, 0, 
30, 919, 564, 43, 43, 428, 4.95, 
30, 919, 630, 56, 56, 353, 4, 
30, 920, 250, 461, 461, 2179, 4, 
30, 920, 460, 237, 0, 0, 0, 
30, 921, 10, 1, 0, 0, 0, 
30, 922, 146, 2, 2, 10, 2, 
30, 923, 512, 75, 0, 0, 0, 
30, 924, 516, 65, 64, 133, 3, 
30, 925, 644, 94, 90, 20, 1, 
30, 926, 524, 35, 0, 0, 0, 
30, 928, 101, 30, 30, 29, 2, 
30, 932, 675, 16, 15, 14, 2, 
30, 939, 516, 62, 62, 54, 2, 
30, 939, 518, 8, 0, 0, 0, 
30, 945, 126, 36, 0, 0, 0, 
30, 949, 264, 234, 233, 283, 2, 
30, 955, 112, 70, 0, 0, 0, 
30, 956, 477, 21, 21, 28, 3, 
30, 957, 37, 185, 0, 0, 0, 
30, 959, 370, 28, 0, 0, 0, 
30, 960, 511, 105, 105, 15, 1, 
40, 4, 582, 251, 0, 0, 0, 
40, 9, 554, 157, 157, 1157, 5, 
40, 10, 604, 49, 0, 0, 0, 
40, 14, 676, 48, 48, 421, 5, 
40, 15, 550, 19, 18, 13, 1.89, 
40, 19, 628, 167, 0, 0, 0, 
40, 29, 635, 169, 169, 1072, 4, 
40, 32, 500, 99, 99, 883, 4, 
40, 41, 681, 1, 0, 0, 0, 
40, 42, 599, 71, 0, 0, 0, 
40, 42, 668, 104, 0, 0, 0, 
40, 51, 500, 83, 0, 0, 0, 
40, 52, 674, 82, 82, 267, 4, 
40, 58, 682, 44, 44, 116, 3, 
40, 76, 378, 451, 411, 407, 2, 
40, 79, 605, 113, 0, 0, 0, 
40, 88, 396, 504, 504, 4804, 5, 
40, 97, 414, 13, 0, 0, 0, 
40, 108, 598, 57, 57, 409, 5, 
40, 114, 632, 478, 478, 3788, 5, 
40, 116, 327, 330, 330, 2437, 5, 
40, 118, 397, 21, 21, 20, 2, 
40, 118, 517, 24, 7, 1, 1, 
40, 122, 430, 15, 0, 0, 0, 
40, 124, 416, 29, 0, 0, 0, 
40, 124, 554, 271, 271, 2224, 5, 
40, 125, 450, 39, 0, 0, 0, 
40, 125, 656, 154, 154, 77, 2, 
40, 127, 427, 38, 0, 0, 0, 
40, 128, 348, 869, 865, 557, 2, 
40, 128, 414, 27, 17, 21, 2, 
40, 129, 563, 3, 0, 0, 0, 
40, 134, 512, 311, 0, 0, 0, 
40, 137, 315, 142, 142, 459, 4, 
40, 142, 353, 15, 0, 0, 0, 
40, 144, 320, 85, 18, 5, 1, 
40, 144, 549, 31, 30, 38, 2, 
40, 147, 608, 91, 0, 0, 0, 
40, 148, 344, 1, 0, 0, 0, 
40, 148, 573, 96, 96, 854, 5, 
40, 149, 808, 43, 0, 0, 0, 
40, 151, 121, 25, 24, 3, 1.13, 
40, 152, 641, 50, 26, 6, 1, 
40, 160, 758, 13, 0, 0, 0, 
40, 160, 776, 35, 35, 413, 5, 
40, 162, 471, 92, 0, 0, 0, 
40, 167, 772, 105, 105, 899, 5, 
40, 170, 728, 44, 0, 0, 0, 
40, 171, 686, 50, 50, 585, 5, 
40, 172, 753, 150, 0, 0, 0, 
40, 173, 712, 5, 0, 0, 0, 
40, 175, 321, 2, 2, 2, 1, 
40, 175, 452, 15, 15, 1, 2, 
40, 181, 124, 90, 90, 669, 5, 
40, 183, 582, 29, 26, 50, 2, 
40, 183, 703, 15, 15, 113, 5, 
40, 184, 563, 23, 23, 140, 5, 
40, 185, 45, 395, 395, 170, 2, 
40, 190, 812, 8, 8, 73, 5, 
40, 191, 97, 60, 60, 448, 5, 
40, 191, 552, 74, 0, 0, 0, 
40, 191, 812, 31, 31, 3, 2, 
40, 193, 775, 57, 0, 0, 0, 
40, 196, 688, 317, 317, 1859, 5, 
40, 196, 773, 10, 10, 27, 2, 
40, 197, 759, 126, 126, 1542, 5, 
40, 198, 509, 13, 0, 0, 0, 
40, 200, 237, 51, 50, 107, 4, 
40, 200, 744, 158, 158, 220, 2, 
40, 202, 439, 63, 63, 488, 4, 
40, 204, 775, 42, 0, 0, 0, 
40, 207, 609, 5, 0, 0, 0, 
40, 207, 802, 26, 0, 0, 0, 
40, 207, 813, 31, 0, 0, 0, 
40, 212, 570, 10, 0, 0, 0, 
40, 213, 524, 31, 1, 2, 1, 
40, 214, 646, 62, 0, 0, 0, 
40, 216, 599, 106, 0, 0, 0, 
40, 219, 163, 117, 0, 0, 0, 
40, 220, 500, 37, 0, 0, 0, 
40, 220, 526, 13, 13, 39, 4, 
40, 220, 529, 106, 106, 658, 5, 
40, 220, 563, 130, 129, 399, 2, 
40, 221, 385, 66, 0, 0, 0, 
40, 221, 538, 6, 5, 10, 3, 
40, 222, 383, 5, 0, 0, 0, 
40, 226, 659, 72, 72, 65, 2, 
40, 227, 544, 107, 106, 97, 2, 
40, 229, 459, 149, 0, 0, 0, 
40, 238, 529, 7, 7, 33, 5, 
40, 239, 361, 24, 24, 16, 2, 
40, 239, 536, 28, 28, 145, 4, 
40, 240, 87, 20, 20, 139, 4.95, 
40, 241, 673, 119, 0, 0, 0, 
40, 242, 530, 56, 56, 517, 4.98, 
40, 244, 409, 71, 0, 0, 0, 
40, 247, 445, 3, 0, 0, 0, 
40, 247, 834, 87, 87, 574, 5, 
40, 248, 676, 7, 6, 50, 4, 
40, 251, 440, 59, 59, 194, 5, 
40, 253, 659, 13, 13, 128, 4, 
40, 253, 766, 121, 121, 695, 4, 
40, 254, 359, 71, 71, 181, 3, 
40, 254, 585, 8, 0, 0, 0, 
40, 255, 314, 312, 271, 32, 1, 
40, 256, 134, 983, 0, 0, 0, 
40, 262, 780, 44, 0, 0, 0, 
40, 263, 558, 99, 99, 903, 5, 
40, 264, 450, 90, 0, 0, 0, 
40, 267, 762, 24, 0, 0, 0, 
40, 268, 478, 82, 82, 30, 1, 
40, 268, 578, 67, 0, 0, 0, 
40, 277, 701, 11, 0, 0, 0, 
40, 280, 781, 27, 27, 144, 5, 
40, 280, 820, 40, 0, 0, 0, 
40, 281, 808, 98, 98, 990, 5, 
40, 283, 762, 77, 77, 596, 5, 
40, 285, 727, 147, 0, 0, 0, 
40, 287, 479, 28, 23, 7, 2, 
40, 288, 796, 226, 226, 1961, 5, 
40, 290, 758, 8, 8, 63, 4, 
40, 291, 432, 2, 0, 0, 0, 
40, 291, 498, 56, 0, 0, 0, 
40, 292, 805, 60, 0, 0, 0, 
40, 296, 216, 72, 68, 15, 2, 
40, 297, 300, 51, 0, 0, 0, 
40, 300, 219, 27, 27, 68, 5, 
40, 301, 154, 517, 0, 0, 0, 
40, 303, 413, 39, 39, 100, 3, 
40, 304, 337, 20, 20, 209, 5, 
40, 307, 283, 40, 29, 63, 3, 
40, 307, 805, 120, 120, 149, 2, 
40, 311, 443, 251, 0, 0, 0, 
40, 316, 255, 4, 4, 13, 4.5, 
40, 318, 470, 47, 47, 704, 5, 
40, 319, 135, 355, 21, 99, 5, 
40, 319, 807, 1, 0, 0, 0, 
40, 320, 707, 59, 0, 0, 0, 
40, 321, 526, 55, 0, 0, 0, 
40, 326, 440, 50, 0, 0, 0, 
40, 326, 668, 125, 81, 4, 1, 
40, 327, 527, 11, 0, 0, 0, 
40, 331, 503, 11, 0, 0, 0, 
40, 333, 538, 28, 20, 66, 3, 
40, 333, 741, 111, 0, 0, 0, 
40, 334, 325, 78, 78, 461, 5, 
40, 335, 464, 273, 0, 0, 0, 
40, 339, 639, 8, 0, 0, 0, 
40, 342, 469, 230, 204, 70, 2, 
40, 343, 643, 23, 18, 4, 2, 
40, 344, 849, 62, 62, 91, 2.69, 
40, 347, 841, 17, 0, 0, 0, 
40, 348, 852, 111, 1, 11, 5, 
40, 349, 889, 151, 149, 176, 2, 
40, 351, 349, 3, 0, 0, 0, 
40, 352, 506, 134, 0, 0, 0, 
40, 358, 222, 3, 0, 0, 0, 
40, 360, 388, 153, 153, 153, 2, 
40, 361, 857, 93, 93, 885, 5, 
40, 363, 384, 70, 1, 12, 5, 
40, 364, 761, 16, 14, 11, 2, 
40, 364, 920, 40, 0, 0, 0, 
40, 366, 216, 118, 118, 1309, 5, 
40, 368, 246, 63, 63, 452, 5, 
40, 369, 705, 79, 46, 4, 1, 
40, 371, 815, 190, 190, 1558, 4, 
40, 373, 343, 20, 0, 0, 0, 
40, 375, 302, 13, 0, 0, 0, 
40, 378, 247, 142, 141, 760, 4, 
40, 378, 700, 70, 66, 24, 1, 
40, 379, 25, 59, 0, 0, 0, 
40, 379, 649, 135, 134, 81, 2, 
40, 380, 689, 51, 0, 0, 0, 
40, 382, 604, 308, 308, 2979, 5, 
40, 384, 885, 14, 14, 157, 5, 
40, 385, 165, 457, 457, 5046, 5, 
40, 386, 651, 109, 109, 54, 2, 
40, 387, 659, 67, 37, 10, 1, 
40, 388, 483, 497, 472, 92, 1, 
40, 392, 603, 71, 0, 0, 0, 
40, 396, 11, 1253, 0, 0, 0, 
40, 399, 502, 305, 305, 2318, 5, 
40, 400, 734, 13, 13, 138, 4.92, 
40, 404, 705, 8, 5, 17, 3, 
40, 407, 304, 6, 6, 16, 2, 
40, 410, 610, 128, 0, 0, 0, 
40, 413, 474, 84, 0, 0, 0, 
40, 413, 766, 1, 1, 14, 4, 
40, 414, 529, 107, 107, 669, 5, 
40, 416, 912, 14, 0, 0, 0, 
40, 418, 484, 2, 2, 10, 5, 
40, 418, 598, 139, 139, 744, 5, 
40, 421, 914, 46, 39, 19, 2, 
40, 422, 506, 1, 1, 6, 5, 
40, 423, 841, 16, 0, 0, 0, 
40, 424, 169, 35, 0, 0, 0, 
40, 424, 176, 24, 0, 0, 0, 
40, 425, 759, 17, 4, 6, 2, 
40, 427, 710, 10, 0, 0, 0, 
40, 427, 837, 39, 0, 0, 0, 
40, 430, 763, 123, 123, 154, 2, 
40, 430, 807, 70, 70, 141, 3, 
40, 431, 758, 3, 0, 0, 0, 
40, 432, 778, 41, 0, 0, 0, 
40, 434, 151, 641, 0, 0, 0, 
40, 437, 893, 142, 142, 1020, 4, 
40, 440, 200, 54, 49, 52, 2, 
40, 440, 244, 62, 62, 73, 2, 
40, 441, 804, 73, 57, 20, 1.58, 
40, 445, 891, 48, 48, 289, 4, 
40, 451, 493, 140, 0, 0, 0, 
40, 455, 738, 106, 0, 0, 0, 
40, 460, 555, 195, 0, 0, 0, 
40, 466, 695, 65, 0, 0, 0, 
40, 468, 159, 86, 0, 0, 0, 
40, 469, 617, 110, 110, 1040, 4, 
40, 469, 850, 14, 14, 99, 5, 
40, 474, 642, 131, 118, 48, 2, 
40, 476, 638, 76, 0, 0, 0, 
40, 476, 804, 11, 7, 8, 2, 
40, 478, 798, 115, 0, 0, 0, 
40, 481, 630, 1, 1, 5, 5, 
40, 481, 663, 119, 118, 341, 3, 
40, 484, 737, 98, 98, 1274, 5, 
40, 487, 423, 483, 0, 0, 0, 
40, 494, 149, 504, 504, 3917, 5, 
40, 499, 415, 806, 482, 74, 2, 
40, 500, 583, 44, 44, 251, 5, 
40, 506, 573, 124, 0, 0, 0, 
40, 531, 514, 60, 60, 382, 5, 
40, 534, 520, 547, 0, 0, 0, 
40, 538, 306, 443, 0, 0, 0, 
40, 553, 176, 54, 0, 0, 0, 
40, 559, 498, 1091, 1091, 2506, 3, 
40, 570, 230, 552, 0, 0, 0, 
40, 570, 406, 455, 454, 187, 2, 
40, 591, 510, 17, 17, 4, 1, 
40, 593, 341, 27, 27, 169, 5, 
40, 593, 507, 42, 42, 227, 4, 
40, 595, 342, 256, 0, 0, 0, 
40, 595, 518, 30, 30, 194, 5, 
40, 602, 212, 512, 511, 385, 2, 
40, 606, 127, 81, 0, 0, 0, 
40, 611, 226, 78, 78, 742, 5, 
40, 611, 493, 104, 0, 0, 0, 
40, 613, 501, 36, 36, 328, 5, 
40, 617, 229, 552, 552, 1195, 3, 
40, 617, 474, 82, 82, 51, 2, 
40, 619, 597, 1, 1, 14, 5, 
40, 621, 556, 391, 383, 341, 2, 
40, 628, 603, 19, 0, 0, 0, 
40, 632, 658, 114, 100, 6, 1, 
40, 634, 632, 30, 30, 289, 5, 
40, 641, 496, 511, 0, 0, 0, 
40, 642, 531, 38, 38, 235, 5, 
40, 642, 565, 111, 0, 0, 0, 
40, 643, 274, 28, 0, 0, 0, 
40, 658, 617, 103, 102, 813, 4, 
40, 659, 600, 194, 0, 0, 0, 
40, 661, 418, 225, 202, 52, 2, 
40, 662, 96, 42, 42, 440, 5, 
40, 672, 509, 13, 13, 168, 4.92, 
40, 672, 550, 7, 0, 0, 0, 
40, 675, 646, 46, 0, 0, 0, 
40, 680, 518, 115, 74, 69, 2, 
40, 681, 443, 158, 0, 0, 0, 
40, 681, 500, 49, 0, 0, 0, 
40, 691, 546, 123, 120, 599, 4, 
40, 692, 549, 65, 0, 0, 0, 
40, 698, 380, 61, 0, 0, 0, 
40, 699, 358, 39, 37, 35, 2, 
40, 699, 606, 79, 79, 460, 4, 
40, 701, 333, 26, 16, 3, 2, 
40, 711, 360, 7, 0, 0, 0, 
40, 711, 537, 9, 9, 61, 5, 
40, 721, 405, 31, 31, 15, 2, 
40, 723, 522, 33, 32, 3, 1, 
40, 731, 401, 1, 1, 6, 3, 
40, 738, 656, 12, 7, 4, 2, 
40, 744, 587, 25, 23, 13, 1, 
40, 747, 582, 29, 0, 0, 0, 
40, 750, 584, 5, 0, 0, 0, 
40, 750, 678, 92, 92, 258, 2, 
40, 751, 641, 47, 47, 78, 3, 
40, 759, 342, 98, 0, 0, 0, 
40, 759, 659, 44, 0, 0, 0, 
40, 762, 484, 9, 0, 0, 0, 
40, 762, 488, 133, 0, 0, 0, 
40, 767, 593, 36, 0, 0, 0, 
40, 771, 523, 47, 47, 186, 4, 
40, 773, 574, 118, 0, 0, 0, 
40, 775, 533, 108, 93, 47, 1, 
40, 789, 510, 168, 0, 0, 0, 
40, 799, 491, 21, 16, 19, 2, 
40, 804, 458, 89, 0, 0, 0, 
40, 807, 488, 21, 21, 32, 3, 
40, 810, 662, 89, 82, 49, 1, 
40, 817, 133, 47, 47, 359, 5, 
40, 824, 515, 26, 26, 184, 5, 
40, 829, 457, 94, 79, 19, 1, 
40, 830, 340, 97, 0, 0, 0, 
40, 833, 630, 102, 90, 110, 2, 
40, 834, 318, 143, 74, 5, 1, 
40, 836, 464, 262, 0, 0, 0, 
40, 840, 465, 223, 0, 0, 0, 
40, 843, 495, 1, 0, 0, 0, 
40, 847, 457, 397, 397, 394, 2, 
40, 850, 465, 27, 0, 0, 0, 
40, 860, 676, 9, 9, 7, 2, 
40, 864, 579, 304, 235, 15, 1, 
40, 864, 674, 17, 0, 0, 0, 
40, 865, 638, 16, 0, 0, 0, 
40, 866, 51, 3, 3, 25, 5, 
40, 866, 66, 82, 0, 0, 0, 
40, 868, 421, 30, 30, 443, 5, 
40, 878, 184, 523, 523, 3895, 5, 
40, 878, 275, 502, 1, 12, 5, 
40, 878, 494, 17, 17, 154, 5, 
40, 880, 434, 19, 19, 342, 5, 
40, 881, 117, 22, 9, 1, 1, 
40, 881, 475, 13, 0, 0, 0, 
40, 884, 40, 113, 96, 19, 1, 
40, 894, 45, 68, 68, 271, 5, 
40, 895, 440, 134, 131, 86, 2, 
40, 898, 85, 60, 0, 0, 0, 
40, 898, 106, 197, 182, 41, 1, 
40, 900, 674, 139, 0, 0, 0, 
40, 903, 511, 154, 0, 0, 0, 
40, 904, 341, 1076, 1076, 9290, 5, 
40, 906, 20, 140, 140, 1462, 5, 
40, 908, 131, 19, 0, 0, 0, 
40, 909, 184, 684, 681, 691, 2, 
40, 910, 58, 26, 24, 26, 2, 
40, 913, 2, 113, 0, 0, 0, 
40, 913, 29, 2, 1, 12, 5, 
40, 914, 145, 93, 90, 82, 2, 
40, 915, 423, 84, 0, 0, 0, 
40, 917, 189, 478, 0, 0, 0, 
40, 918, 587, 57, 57, 31, 1, 
40, 919, 539, 60, 0, 0, 0, 
40, 919, 574, 71, 66, 29, 2, 
40, 919, 623, 7, 0, 0, 0, 
40, 925, 23, 90, 0, 0, 0, 
40, 926, 444, 82, 0, 0, 0, 
40, 927, 55, 62, 0, 0, 0, 
40, 927, 627, 35, 35, 221, 4.97, 
40, 928, 77, 44, 38, 25, 2, 
40, 928, 486, 166, 139, 147, 2, 
40, 931, 448, 108, 108, 983, 4.98, 
40, 933, 538, 360, 360, 510, 3, 
40, 935, 464, 3, 3, 29, 5, 
40, 939, 82, 15, 8, 10, 2, 
40, 939, 221, 157, 0, 0, 0, 
40, 946, 426, 59, 0, 0, 0, 
40, 948, 29, 27, 27, 302, 5, 
40, 949, 239, 133, 0, 0, 0, 
40, 954, 371, 228, 1, 1, 2, 
40, 958, 35, 80, 80, 287, 3, 
40, 958, 368, 116, 116, 10, 1, 
40, 961, 374, 4, 2, 19, 5, 
40, 963, 447, 10, 0, 0, 0, 
40, 969, 622, 96, 0, 0, 0, 
50, 12, 544, 14, 12, 22, 2, 
50, 13, 538, 39, 39, 221, 5, 
50, 19, 625, 194, 192, 156, 2, 
50, 19, 681, 83, 83, 296, 4, 
50, 23, 666, 30, 29, 31, 3, 
50, 27, 678, 73, 34, 127, 4.94, 
50, 28, 438, 531, 531, 3417, 5, 
50, 28, 681, 30, 0, 0, 0, 
50, 33, 570, 69, 0, 0, 0, 
50, 33, 613, 74, 0, 0, 0, 
50, 39, 595, 6, 6, 47, 5, 
50, 50, 314, 30, 30, 22, 2, 
50, 54, 553, 148, 148, 1427, 5, 
50, 56, 626, 44, 43, 66, 2, 
50, 61, 520, 81, 81, 109, 2, 
50, 70, 376, 620, 268, 37, 1, 
50, 72, 373, 781, 1, 9, 5, 
50, 86, 577, 198, 160, 21, 1, 
50, 88, 412, 318, 0, 0, 0, 
50, 96, 506, 78, 0, 0, 0, 
50, 97, 531, 2, 0, 0, 0, 
50, 102, 536, 41, 41, 580, 5, 
50, 104, 496, 1, 0, 0, 0, 
50, 107, 533, 65, 0, 0, 0, 
50, 114, 601, 1, 1, 8, 5, 
50, 116, 436, 14, 0, 0, 0, 
50, 117, 418, 4, 4, 59, 5, 
50, 117, 429, 121, 121, 717, 5, 
50, 119, 474, 67, 0, 0, 0, 
50, 119, 610, 20, 20, 220, 5, 
50, 124, 469, 93, 93, 1033, 5, 
50, 131, 457, 60, 60, 652, 5, 
50, 134, 480, 6, 6, 62, 5, 
50, 136, 593, 11, 0, 0, 0, 
50, 140, 556, 9, 0, 0, 0, 
50, 143, 521, 57, 56, 3, 1, 
50, 144, 768, 44, 44, 311, 4, 
50, 144, 776, 116, 0, 0, 0, 
50, 145, 817, 34, 31, 1, 2, 
50, 146, 313, 124, 124, 817, 5, 
50, 146, 336, 103, 0, 0, 0, 
50, 146, 478, 98, 0, 0, 0, 
50, 147, 749, 61, 58, 304, 4, 
50, 148, 669, 1, 0, 0, 0, 
50, 150, 164, 86, 85, 122, 2, 
50, 150, 655, 28, 27, 40, 2, 
50, 154, 497, 6, 0, 0, 0, 
50, 156, 470, 14, 13, 10, 2, 
50, 157, 713, 28, 28, 230, 4.96, 
50, 158, 406, 173, 0, 0, 0, 
50, 161, 201, 143, 0, 0, 0, 
50, 161, 233, 163, 0, 0, 0, 
50, 163, 537, 85, 85, 411, 5, 
50, 163, 777, 17, 0, 0, 0, 
50, 163, 797, 61, 0, 0, 0, 
50, 164, 501, 120, 0, 0, 0, 
50, 167, 490, 83, 83, 80, 2, 
50, 169, 396, 50, 0, 0, 0, 
50, 170, 191, 346, 336, 108, 1, 
50, 170, 278, 204, 0, 0, 0, 
50, 171, 302, 76, 0, 0, 0, 
50, 174, 443, 224, 0, 0, 0, 
50, 175, 604, 105, 100, 12, 1, 
50, 177, 573, 33, 33, 29, 2, 
50, 177, 807, 50, 49, 249, 3, 
50, 179, 467, 76, 76, 657, 5, 
50, 180, 577, 84, 0, 0, 0, 
50, 181, 228, 6, 0, 0, 0, 
50, 184, 600, 40, 0, 0, 0, 
50, 184, 687, 84, 83, 70, 2, 
50, 186, 515, 89, 0, 0, 0, 
50, 186, 790, 1, 0, 0, 0, 
50, 190, 187, 2, 2, 11, 5, 
50, 190, 529, 56, 0, 0, 0, 
50, 193, 685, 164, 0, 0, 0, 
50, 195, 598, 69, 0, 0, 0, 
50, 196, 314, 2, 0, 0, 0, 
50, 198, 359, 1, 0, 0, 0, 
50, 198, 650, 3, 0, 0, 0, 
50, 200, 174, 673, 620, 142, 1, 
50, 201, 635, 34, 0, 0, 0, 
50, 202, 505, 18, 18, 55, 4.78, 
50, 203, 257, 10, 0, 0, 0, 
50, 209, 356, 71, 0, 0, 0, 
50, 211, 444, 133, 0, 0, 0, 
50, 212, 575, 50, 50, 238, 3, 
50, 213, 471, 86, 86, 924, 5, 
50, 213, 629, 31, 31, 73, 2, 
50, 213, 815, 59, 0, 0, 0, 
50, 214, 472, 188, 0, 0, 0, 
50, 214, 535, 19, 0, 0, 0, 
50, 215, 388, 38, 35, 70, 3, 
50, 215, 729, 36, 0, 0, 0, 
50, 217, 445, 50, 0, 0, 0, 
50, 220, 17, 826, 0, 0, 0, 
50, 221, 691, 9, 0, 0, 0, 
50, 223, 635, 46, 0, 0, 0, 
50, 224, 394, 113, 111, 102, 2, 
50, 224, 567, 11, 11, 109, 3, 
50, 230, 174, 30, 0, 0, 0, 
50, 230, 392, 152, 152, 570, 4, 
50, 230, 571, 51, 0, 0, 0, 
50, 230, 759, 68, 64, 107, 2, 
50, 231, 356, 4, 4, 21, 3, 
50, 231, 576, 136, 136, 1044, 4.99, 
50, 232, 94, 73, 0, 0, 0, 
50, 232, 563, 40, 0, 0, 0, 
50, 233, 524, 55, 22, 1, 1, 
50, 234, 599, 60, 0, 0, 0, 
50, 236, 285, 1765, 1765, 1924, 2, 
50, 238, 567, 20, 16, 8, 3, 
50, 240, 629, 57, 0, 0, 0, 
50, 242, 482, 59, 0, 0, 0, 
50, 243, 192, 31, 0, 0, 0, 
50, 245, 658, 12, 12, 184, 5, 
50, 248, 112, 230, 230, 1670, 4.99, 
50, 251, 110, 267, 0, 0, 0, 
50, 251, 571, 56, 56, 58, 2, 
50, 251, 828, 51, 0, 0, 0, 
50, 253, 642, 64, 64, 28, 1, 
50, 253, 822, 145, 145, 593, 2.99, 
50, 255, 210, 111, 111, 179, 2, 
50, 258, 348, 338, 338, 2197, 5, 
50, 258, 683, 181, 0, 0, 0, 
50, 259, 765, 3, 0, 0, 0, 
50, 259, 840, 25, 23, 16, 2, 
50, 264, 355, 8, 0, 0, 0, 
50, 264, 487, 6, 0, 0, 0, 
50, 265, 331, 35, 15, 4, 2, 
50, 267, 357, 11, 10, 5, 1.5, 
50, 267, 476, 1, 0, 0, 0, 
50, 269, 593, 4, 0, 0, 0, 
50, 273, 168, 506, 0, 0, 0, 
50, 275, 223, 78, 0, 0, 0, 
50, 275, 437, 26, 0, 0, 0, 
50, 277, 484, 21, 17, 5, 2, 
50, 278, 410, 132, 118, 104, 2, 
50, 279, 191, 172, 171, 672, 4, 
50, 279, 401, 17, 17, 127, 5, 
50, 280, 772, 64, 16, 3, 1, 
50, 280, 795, 150, 150, 557, 5, 
50, 284, 465, 24, 24, 263, 5, 
50, 284, 807, 36, 34, 105, 5, 
50, 286, 673, 23, 0, 0, 0, 
50, 287, 635, 61, 0, 0, 0, 
50, 287, 719, 44, 43, 72, 2, 
50, 288, 614, 300, 0, 0, 0, 
50, 290, 219, 103, 103, 351, 5, 
50, 290, 395, 16, 16, 104, 5, 
50, 290, 672, 1, 0, 0, 0, 
50, 291, 774, 4, 4, 28, 4, 
50, 292, 428, 122, 122, 154, 2, 
50, 294, 431, 86, 1, 17, 5, 
50, 296, 59, 22, 21, 97, 4.76, 
50, 296, 509, 145, 0, 0, 0, 
50, 297, 615, 44, 44, 257, 5, 
50, 297, 708, 340, 0, 0, 0, 
50, 300, 80, 56, 52, 39, 2, 
50, 300, 606, 5, 0, 0, 0, 
50, 308, 562, 122, 122, 371, 3, 
50, 310, 636, 358, 0, 0, 0, 
50, 311, 42, 17, 16, 19, 1, 
50, 311, 697, 83, 83, 529, 4.99, 
50, 313, 744, 181, 181, 1201, 5, 
50, 315, 692, 169, 0, 0, 0, 
50, 317, 301, 1, 0, 0, 0, 
50, 321, 63, 71, 71, 350, 5, 
50, 321, 315, 86, 86, 422, 4.98, 
50, 321, 531, 64, 64, 454, 5, 
50, 322, 302, 30, 30, 80, 3, 
50, 323, 192, 64, 59, 32, 1, 
50, 324, 622, 47, 0, 0, 0, 
50, 324, 661, 23, 23, 115, 3, 
50, 326, 262, 140, 140, 256, 3, 
50, 327, 709, 53, 0, 0, 0, 
50, 334, 27, 141, 137, 34, 1, 
50, 341, 489, 257, 257, 2354, 5, 
50, 343, 507, 94, 94, 746, 5, 
50, 349, 128, 645, 0, 0, 0, 
50, 353, 267, 54, 52, 10, 1, 
50, 358, 841, 34, 34, 382, 5, 
50, 362, 698, 24, 13, 6, 2, 
50, 363, 745, 117, 111, 150, 2, 
50, 367, 158, 261, 261, 1493, 5, 
50, 368, 423, 201, 0, 0, 0, 
50, 369, 290, 61, 0, 0, 0, 
50, 371, 834, 63, 63, 471, 5, 
50, 372, 16, 79, 75, 39, 2, 
50, 374, 656, 38, 38, 226, 3.95, 
50, 377, 632, 11, 5, 4, 2, 
50, 379, 826, 110, 99, 80, 2, 
50, 380, 822, 37, 1, 2, 4, 
50, 382, 920, 129, 127, 154, 2, 
50, 388, 710, 28, 0, 0, 0, 
50, 389, 796, 5, 0, 0, 0, 
50, 389, 846, 22, 0, 0, 0, 
50, 390, 775, 34, 0, 0, 0, 
50, 393, 627, 62, 62, 732, 5, 
50, 394, 633, 92, 91, 85, 2, 
50, 394, 715, 40, 31, 26, 2, 
50, 397, 274, 16, 16, 53, 5, 
50, 397, 648, 236, 0, 0, 0, 
50, 399, 129, 12, 0, 0, 0, 
50, 400, 260, 24, 21, 71, 4, 
50, 401, 186, 49, 49, 445, 5, 
50, 401, 759, 3, 3, 10, 5, 
50, 404, 195, 153, 153, 1603, 5, 
50, 404, 556, 118, 0, 0, 0, 
50, 406, 253, 45, 0, 0, 0, 
50, 408, 150, 23, 4, 6, 2, 
50, 410, 161, 17, 17, 247, 5, 
50, 411, 916, 15, 0, 0, 0, 
50, 413, 873, 51, 51, 108, 2, 
50, 414, 842, 58, 54, 52, 2, 
50, 419, 478, 29, 0, 0, 0, 
50, 420, 71, 299, 8, 46, 5, 
50, 422, 546, 5, 5, 44, 5, 
50, 428, 690, 77, 25, 1, 1, 
50, 429, 906, 26, 25, 29, 1, 
50, 430, 585, 115, 115, 46, 2, 
50, 430, 801, 165, 0, 0, 0, 
50, 431, 161, 123, 123, 179, 2, 
50, 431, 767, 99, 0, 0, 0, 
50, 432, 264, 81, 81, 1090, 5, 
50, 435, 692, 38, 35, 83, 2, 
50, 436, 231, 233, 233, 2547, 4, 
50, 439, 607, 13, 13, 157, 4.92, 
50, 439, 837, 31, 0, 0, 0, 
50, 442, 604, 22, 20, 15, 2, 
50, 446, 899, 230, 229, 45, 1, 
50, 448, 791, 7, 0, 0, 0, 
50, 448, 827, 185, 0, 0, 0, 
50, 448, 858, 264, 0, 0, 0, 
50, 449, 497, 47, 0, 0, 0, 
50, 449, 737, 128, 0, 0, 0, 
50, 450, 629, 62, 62, 186, 2, 
50, 452, 768, 15, 0, 0, 0, 
50, 454, 584, 2, 0, 0, 0, 
50, 454, 766, 95, 95, 228, 2, 
50, 460, 678, 130, 0, 0, 0, 
50, 461, 710, 66, 0, 0, 0, 
50, 464, 732, 198, 198, 1974, 5, 
50, 464, 795, 18, 18, 194, 4.94, 
50, 465, 827, 247, 240, 150, 1, 
50, 468, 835, 93, 0, 0, 0, 
50, 469, 215, 240, 240, 2146, 4, 
50, 469, 531, 22, 0, 0, 0, 
50, 469, 545, 219, 0, 0, 0, 
50, 471, 800, 6, 6, 39, 4.83, 
50, 475, 160, 395, 0, 0, 0, 
50, 478, 663, 31, 0, 0, 0, 
50, 480, 670, 17, 17, 2, 2, 
50, 481, 845, 16, 16, 126, 5, 
50, 483, 741, 136, 136, 694, 5, 
50, 484, 810, 39, 13, 54, 4.69, 
50, 486, 451, 979, 0, 0, 0, 
50, 487, 565, 15, 9, 6, 2, 
50, 487, 915, 1, 0, 0, 0, 
50, 488, 183, 1687, 1687, 12194, 5, 
50, 488, 402, 134, 0, 0, 0, 
50, 499, 181, 102, 0, 0, 0, 
50, 501, 577, 101, 95, 43, 3, 
50, 502, 135, 66, 66, 397, 4.97, 
50, 502, 585, 110, 105, 171, 3, 
50, 512, 151, 383, 0, 0, 0, 
50, 513, 271, 587, 579, 455, 3, 
50, 524, 581, 76, 0, 0, 0, 
50, 526, 583, 114, 0, 0, 0, 
50, 531, 177, 41, 0, 0, 0, 
50, 535, 125, 92, 92, 605, 5, 
50, 552, 371, 172, 158, 58, 2, 
50, 561, 577, 290, 290, 2093, 5, 
50, 564, 341, 205, 0, 0, 0, 
50, 565, 234, 84, 84, 115, 2, 
50, 571, 131, 35, 1, 1, 1, 
50, 575, 541, 111, 108, 80, 2, 
50, 577, 158, 84, 36, 6, 1, 
50, 587, 645, 14, 0, 0, 0, 
50, 596, 135, 17, 8, 2, 2, 
50, 618, 254, 23, 0, 0, 0, 
50, 621, 603, 90, 89, 36, 2, 
50, 624, 597, 38, 38, 6, 2, 
50, 626, 371, 197, 196, 919, 5, 
50, 628, 365, 16, 16, 6, 3, 
50, 630, 638, 258, 0, 0, 0, 
50, 632, 598, 13, 13, 52, 3, 
50, 636, 372, 26, 26, 77, 5, 
50, 641, 370, 1, 0, 0, 0, 
50, 644, 653, 4, 4, 50, 5, 
50, 648, 615, 466, 466, 5194, 5, 
50, 649, 473, 290, 290, 1337, 3, 
50, 652, 579, 118, 1, 4, 5, 
50, 653, 639, 61, 0, 0, 0, 
50, 660, 627, 6, 0, 0, 0, 
50, 673, 497, 186, 178, 94, 2, 
50, 673, 593, 13, 0, 0, 0, 
50, 675, 149, 250, 250, 1850, 5, 
50, 676, 612, 50, 50, 531, 5, 
50, 677, 665, 7, 0, 0, 0, 
50, 681, 615, 208, 0, 0, 0, 
50, 683, 529, 50, 50, 101, 2, 
50, 686, 359, 3, 3, 20, 5, 
50, 689, 610, 12, 12, 123, 5, 
50, 693, 549, 98, 69, 25, 2, 
50, 693, 618, 27, 0, 0, 0, 
50, 696, 192, 131, 130, 59, 1, 
50, 696, 325, 125, 125, 210, 5, 
50, 701, 368, 33, 3, 23, 4, 
50, 702, 642, 8, 1, 1, 5, 
50, 707, 484, 91, 33, 4, 1, 
50, 713, 115, 382, 380, 384, 2, 
50, 715, 347, 95, 0, 0, 0, 
50, 715, 435, 219, 219, 2108, 5, 
50, 715, 661, 124, 42, 4, 1, 
50, 723, 559, 2, 2, 26, 5, 
50, 731, 436, 2, 2, 18, 5, 
50, 733, 600, 14, 13, 10, 2, 
50, 734, 272, 409, 409, 2773, 5, 
50, 736, 567, 34, 0, 0, 0, 
50, 736, 569, 163, 0, 0, 0, 
50, 737, 654, 84, 79, 8, 1, 
50, 740, 670, 31, 0, 0, 0, 
50, 741, 547, 119, 119, 1393, 4.99, 
50, 742, 400, 224, 220, 34, 1, 
50, 746, 444, 34, 34, 8, 1, 
50, 746, 458, 16, 0, 0, 0, 
50, 747, 570, 129, 0, 0, 0, 
50, 748, 512, 178, 127, 38, 1, 
50, 748, 591, 95, 95, 739, 5, 
50, 754, 489, 64, 64, 540, 4, 
50, 754, 565, 215, 215, 329, 2, 
50, 760, 583, 93, 90, 75, 2, 
50, 760, 628, 17, 0, 0, 0, 
50, 760, 647, 11, 11, 24, 2, 
50, 763, 448, 21, 20, 71, 3, 
50, 767, 643, 83, 83, 189, 2, 
50, 768, 529, 12, 1, 3, 2, 
50, 769, 551, 31, 0, 0, 0, 
50, 771, 327, 26, 0, 0, 0, 
50, 771, 590, 169, 169, 1624, 5, 
50, 774, 534, 70, 0, 0, 0, 
50, 775, 360, 701, 701, 5666, 5, 
50, 782, 413, 33, 33, 187, 5, 
50, 785, 642, 13, 0, 0, 0, 
50, 788, 549, 46, 46, 483, 5, 
50, 789, 645, 30, 0, 0, 0, 
50, 795, 475, 28, 28, 59, 3, 
50, 800, 12, 39, 0, 0, 0, 
50, 805, 31, 106, 106, 123, 2, 
50, 805, 490, 32, 32, 218, 5, 
50, 806, 603, 74, 74, 39, 2, 
50, 814, 517, 152, 150, 718, 3, 
50, 815, 11, 51, 0, 0, 0, 
50, 818, 488, 200, 200, 1443, 4, 
50, 821, 33, 17, 0, 0, 0, 
50, 827, 512, 11, 0, 0, 0, 
50, 828, 545, 28, 0, 0, 0, 
50, 830, 410, 163, 0, 0, 0, 
50, 833, 611, 7, 7, 127, 5, 
50, 834, 523, 168, 0, 0, 0, 
50, 834, 628, 32, 0, 0, 0, 
50, 838, 626, 33, 0, 0, 0, 
50, 840, 465, 67, 67, 698, 5, 
50, 841, 390, 68, 0, 0, 0, 
50, 842, 609, 67, 0, 0, 0, 
50, 847, 305, 335, 0, 0, 0, 
50, 847, 558, 64, 0, 0, 0, 
50, 851, 595, 8, 8, 152, 5, 
50, 851, 618, 59, 0, 0, 0, 
50, 853, 638, 11, 11, 18, 2, 
50, 854, 456, 72, 72, 21, 2, 
50, 856, 320, 250, 250, 407, 2, 
50, 856, 416, 294, 0, 0, 0, 
50, 859, 173, 96, 0, 0, 0, 
50, 860, 524, 43, 43, 401, 5, 
50, 863, 26, 282, 282, 232, 2, 
50, 871, 25, 21, 21, 167, 5, 
50, 873, 32, 70, 70, 29, 2, 
50, 877, 26, 11, 8, 3, 2, 
50, 877, 332, 158, 0, 0, 0, 
50, 879, 498, 116, 0, 0, 0, 
50, 882, 429, 25, 0, 0, 0, 
50, 882, 433, 131, 131, 1277, 5, 
50, 882, 534, 135, 135, 282, 2, 
50, 885, 418, 89, 89, 455, 5, 
50, 887, 428, 48, 0, 0, 0, 
50, 888, 641, 19, 19, 76, 4.79, 
50, 890, 26, 1, 0, 0, 0, 
50, 890, 675, 72, 0, 0, 0, 
50, 891, 586, 25, 0, 0, 0, 
50, 900, 501, 71, 0, 0, 0, 
50, 901, 84, 17, 16, 42, 2, 
50, 901, 422, 24, 24, 303, 5, 
50, 901, 515, 60, 60, 45, 2, 
50, 902, 458, 54, 53, 2, 2, 
50, 907, 12, 11, 0, 0, 0, 
50, 908, 293, 498, 0, 0, 0, 
50, 908, 435, 112, 0, 0, 0, 
50, 910, 90, 51, 51, 32, 1, 
50, 911, 134, 103, 103, 738, 4, 
50, 914, 579, 112, 0, 0, 0, 
50, 916, 657, 126, 0, 0, 0, 
50, 920, 512, 36, 0, 0, 0, 
50, 920, 599, 47, 47, 46, 2, 
50, 921, 418, 180, 0, 0, 0, 
50, 923, 409, 5, 5, 12, 5, 
50, 925, 125, 33, 29, 27, 1, 
50, 925, 413, 17, 0, 0, 0, 
50, 925, 546, 26, 0, 0, 0, 
50, 929, 608, 277, 275, 578, 2, 
50, 934, 311, 53, 0, 0, 0, 
50, 934, 550, 14, 14, 163, 4.86, 
50, 938, 425, 288, 272, 421, 2, 
50, 948, 118, 29, 29, 275, 5, 
50, 956, 465, 86, 0, 0, 0, 
50, 956, 631, 7, 0, 0, 0, 
50, 957, 425, 74, 0, 0, 0, 
50, 959, 241, 833, 0, 0, 0, 
50, 964, 424, 192, 0, 0, 0, 
60, 12, 446, 121, 121, 412, 5, 
60, 24, 641, 24, 0, 0, 0, 
60, 29, 637, 30, 0, 0, 0, 
60, 33, 666, 79, 0, 0, 0, 
60, 38, 507, 2, 0, 0, 0, 
60, 47, 676, 6, 0, 0, 0, 
60, 51, 655, 8, 8, 51, 5, 
60, 52, 596, 142, 142, 744, 5, 
60, 70, 519, 14, 12, 2, 1, 
60, 84, 580, 1045, 1045, 8900, 5, 
60, 86, 429, 185, 32, 1, 1, 
60, 89, 504, 7, 7, 61, 4.86, 
60, 95, 436, 4, 0, 0, 0, 
60, 95, 498, 25, 0, 0, 0, 
60, 97, 412, 13, 4, 2, 2, 
60, 98, 545, 319, 319, 2805, 5, 
60, 101, 590, 50, 48, 63, 2, 
60, 107, 674, 132, 132, 1225, 4.94, 
60, 109, 585, 45, 0, 0, 0, 
60, 114, 456, 15, 15, 31, 2, 
60, 118, 517, 307, 307, 1098, 4, 
60, 119, 683, 43, 43, 338, 5, 
60, 120, 417, 91, 90, 87, 1, 
60, 120, 583, 11, 5, 8, 2, 
60, 121, 448, 75, 0, 0, 0, 
60, 122, 561, 344, 344, 2714, 5, 
60, 124, 578, 71, 67, 88, 2, 
60, 124, 626, 34, 0, 0, 0, 
60, 127, 530, 77, 76, 94, 2, 
60, 134, 580, 12, 0, 0, 0, 
60, 134, 632, 1, 0, 0, 0, 
60, 136, 611, 52, 0, 0, 0, 
60, 137, 357, 420, 0, 0, 0, 
60, 140, 577, 37, 37, 102, 2, 
60, 143, 573, 4, 0, 0, 0, 
60, 143, 605, 102, 102, 166, 2, 
60, 145, 816, 243, 243, 819, 4, 
60, 146, 473, 105, 103, 22, 1, 
60, 146, 689, 149, 1, 13, 4, 
60, 148, 493, 132, 132, 1236, 5, 
60, 151, 280, 62, 32, 22, 2, 
60, 152, 614, 17, 13, 18, 2, 
60, 155, 419, 150, 0, 0, 0, 
60, 155, 465, 47, 42, 4, 1, 
60, 156, 676, 13, 0, 0, 0, 
60, 159, 694, 36, 32, 16, 1, 
60, 161, 767, 2, 0, 0, 0, 
60, 163, 190, 160, 0, 0, 0, 
60, 163, 434, 3, 0, 0, 0, 
60, 166, 388, 103, 0, 0, 0, 
60, 167, 579, 140, 140, 1066, 4.99, 
60, 167, 626, 4, 0, 0, 0, 
60, 167, 686, 152, 0, 0, 0, 
60, 168, 709, 18, 0, 0, 0, 
60, 170, 295, 132, 132, 191, 2.56, 
60, 170, 753, 6, 6, 114, 5, 
60, 171, 642, 15, 14, 95, 4.21, 
60, 173, 269, 414, 414, 3892, 4, 
60, 173, 448, 7, 0, 0, 0, 
60, 173, 550, 2, 0, 0, 0, 
60, 174, 464, 19, 0, 0, 0, 
60, 175, 295, 2, 0, 0, 0, 
60, 176, 168, 419, 419, 3682, 5, 
60, 176, 305, 31, 31, 140, 4, 
60, 176, 440, 37, 37, 37, 2, 
60, 177, 448, 2, 2, 9, 4, 
60, 177, 668, 117, 0, 0, 0, 
60, 177, 768, 55, 49, 42, 1, 
60, 178, 634, 9, 0, 0, 0, 
60, 179, 626, 31, 0, 0, 0, 
60, 179, 820, 29, 29, 246, 5, 
60, 180, 412, 108, 107, 812, 5, 
60, 182, 382, 3, 3, 1, 5, 
60, 182, 817, 11, 10, 82, 5, 
60, 183, 270, 969, 0, 0, 0, 
60, 183, 638, 11, 11, 88, 2, 
60, 185, 515, 37, 31, 11, 2, 
60, 187, 250, 244, 244, 2375, 4, 
60, 187, 307, 12, 11, 11, 2, 
60, 190, 197, 466, 0, 0, 0, 
60, 192, 112, 227, 0, 0, 0, 
60, 192, 413, 30, 0, 0, 0, 
60, 193, 548, 128, 128, 178, 2, 
60, 194, 391, 20, 0, 0, 0, 
60, 194, 717, 7, 4, 14, 2, 
60, 195, 656, 33, 0, 0, 0, 
60, 197, 804, 94, 94, 808, 5, 
60, 198, 163, 110, 110, 245, 2, 
60, 199, 605, 88, 88, 103, 2, 
60, 201, 557, 37, 0, 0, 0, 
60, 203, 310, 6, 0, 0, 0, 
60, 204, 427, 70, 69, 52, 1, 
60, 204, 539, 81, 81, 186, 2, 
60, 204, 740, 21, 21, 21, 2, 
60, 205, 585, 102, 102, 981, 4, 
60, 206, 778, 63, 63, 57, 2, 
60, 208, 521, 61, 61, 574, 5, 
60, 208, 647, 13, 0, 0, 0, 
60, 209, 436, 47, 0, 0, 0, 
60, 211, 453, 14, 0, 0, 0, 
60, 214, 603, 75, 75, 490, 5, 
60, 219, 449, 171, 0, 0, 0, 
60, 221, 230, 827, 827, 5554, 5, 
60, 222, 460, 29, 28, 11, 2, 
60, 223, 695, 19, 0, 0, 0, 
60, 225, 375, 79, 78, 454, 4.96, 
60, 228, 602, 85, 0, 0, 0, 
60, 230, 86, 14, 14, 102, 5, 
60, 230, 486, 87, 84, 13, 1, 
60, 230, 818, 1, 0, 0, 0, 
60, 231, 509, 229, 0, 0, 0, 
60, 231, 798, 143, 139, 82, 1, 
60, 232, 759, 34, 0, 0, 0, 
60, 235, 169, 298, 0, 0, 0, 
60, 237, 348, 143, 143, 1377, 5, 
60, 239, 671, 71, 0, 0, 0, 
60, 240, 355, 34, 0, 0, 0, 
60, 240, 779, 10, 10, 21, 2, 
60, 242, 582, 59, 59, 519, 5, 
60, 243, 633, 82, 0, 0, 0, 
60, 244, 336, 100, 0, 0, 0, 
60, 246, 605, 268, 0, 0, 0, 
60, 246, 634, 62, 1, 9, 3, 
60, 247, 479, 183, 183, 81, 1, 
60, 250, 833, 71, 1, 1, 5, 
60, 251, 190, 186, 0, 0, 0, 
60, 251, 593, 6, 6, 46, 5, 
60, 252, 487, 3, 0, 0, 0, 
60, 252, 789, 24, 23, 9, 1, 
60, 254, 318, 863, 0, 0, 0, 
60, 254, 437, 19, 0, 0, 0, 
60, 255, 454, 273, 0, 0, 0, 
60, 256, 567, 51, 51, 330, 4, 
60, 258, 369, 40, 12, 4, 1.58, 
60, 260, 458, 7, 1, 2, 5, 
60, 261, 661, 37, 36, 116, 3, 
60, 262, 795, 106, 0, 0, 0, 
60, 263, 376, 666, 2, 2, 2, 
60, 264, 359, 116, 0, 0, 0, 
60, 264, 594, 89, 76, 10, 1, 
60, 265, 796, 2, 0, 0, 0, 
60, 268, 790, 5, 5, 51, 5, 
60, 274, 848, 129, 104, 98, 2, 
60, 275, 754, 101, 101, 369, 3, 
60, 279, 331, 198, 0, 0, 0, 
60, 280, 673, 73, 20, 1, 1, 
60, 282, 686, 5, 0, 0, 0, 
60, 284, 726, 37, 37, 253, 4.95, 
60, 286, 208, 602, 602, 1076, 2, 
60, 286, 655, 18, 18, 80, 3, 
60, 289, 308, 276, 0, 0, 0, 
60, 290, 758, 23, 0, 0, 0, 
60, 291, 666, 48, 48, 392, 5, 
60, 291, 740, 137, 0, 0, 0, 
60, 292, 612, 34, 0, 0, 0, 
60, 295, 761, 94, 0, 0, 0, 
60, 299, 220, 56, 11, 8, 2, 
60, 304, 477, 69, 68, 338, 4, 
60, 306, 576, 127, 10, 220, 5, 
60, 308, 28, 17, 0, 0, 0, 
60, 309, 820, 22, 0, 0, 0, 
60, 310, 416, 16, 16, 28, 2, 
60, 311, 180, 339, 339, 495, 2, 
60, 313, 91, 43, 43, 52, 2, 
60, 316, 281, 71, 0, 0, 0, 
60, 317, 733, 124, 124, 125, 2, 
60, 318, 326, 195, 193, 316, 3, 
60, 318, 776, 87, 87, 799, 4, 
60, 321, 784, 25, 25, 68, 2, 
60, 322, 339, 69, 67, 23, 1, 
60, 322, 436, 32, 32, 592, 5, 
60, 324, 693, 68, 68, 47, 2, 
60, 328, 527, 32, 15, 4, 2, 
60, 330, 608, 31, 30, 21, 2, 
60, 330, 703, 59, 59, 574, 5, 
60, 332, 494, 1, 0, 0, 0, 
60, 332, 778, 69, 0, 0, 0, 
60, 344, 731, 145, 141, 314, 2, 
60, 348, 810, 191, 189, 148, 2, 
60, 349, 817, 88, 0, 0, 0, 
60, 349, 926, 377, 373, 1576, 3, 
60, 350, 710, 53, 0, 0, 0, 
60, 350, 788, 113, 113, 895, 5, 
60, 351, 211, 1, 1, 1, 2, 
60, 357, 336, 13, 0, 0, 0, 
60, 357, 368, 20, 0, 0, 0, 
60, 357, 682, 61, 0, 0, 0, 
60, 359, 195, 134, 134, 785, 4, 
60, 360, 926, 35, 2, 17, 5, 
60, 361, 469, 75, 0, 0, 0, 
60, 365, 775, 56, 0, 0, 0, 
60, 368, 688, 40, 28, 4, 1, 
60, 374, 739, 178, 1, 11, 3, 
60, 375, 882, 73, 0, 0, 0, 
60, 378, 246, 54, 54, 123, 5, 
60, 380, 102, 23, 23, 194, 3, 
60, 380, 820, 3, 3, 22, 5, 
60, 382, 709, 31, 31, 332, 4, 
60, 383, 191, 212, 0, 0, 0, 
60, 384, 856, 68, 0, 0, 0, 
60, 384, 863, 17, 0, 0, 0, 
60, 384, 864, 2, 0, 0, 0, 
60, 387, 628, 93, 93, 663, 5, 
60, 387, 797, 251, 245, 34, 1, 
60, 391, 259, 8, 8, 84, 5, 
60, 393, 830, 53, 53, 60, 2, 
60, 394, 765, 3, 0, 0, 0, 
60, 396, 294, 36, 0, 0, 0, 
60, 396, 563, 94, 85, 15, 1, 
60, 396, 601, 80, 80, 211, 5, 
60, 399, 651, 46, 0, 0, 0, 
60, 400, 806, 32, 31, 51, 2, 
60, 402, 560, 37, 0, 0, 0, 
60, 403, 270, 79, 0, 0, 0, 
60, 408, 577, 27, 0, 0, 0, 
60, 409, 222, 13, 10, 7, 2, 
60, 409, 638, 2, 0, 0, 0, 
60, 409, 697, 111, 0, 0, 0, 
60, 412, 71, 122, 0, 0, 0, 
60, 414, 606, 75, 0, 0, 0, 
60, 416, 482, 70, 70, 221, 3, 
60, 419, 249, 55, 54, 328, 3, 
60, 419, 564, 43, 42, 84, 2, 
60, 428, 647, 199, 0, 0, 0, 
60, 429, 66, 241, 241, 1610, 4, 
60, 431, 532, 16, 16, 109, 4.75, 
60, 432, 39, 567, 565, 2823, 4, 
60, 432, 882, 124, 124, 50, 1, 
60, 434, 573, 64, 59, 20, 2, 
60, 437, 787, 19, 19, 184, 4.95, 
60, 440, 650, 13, 0, 0, 0, 
60, 446, 745, 62, 1, 5, 2, 
60, 447, 924, 78, 0, 0, 0, 
60, 450, 576, 60, 27, 1, 1, 
60, 453, 600, 98, 0, 0, 0, 
60, 457, 857, 4, 0, 0, 0, 
60, 459, 583, 23, 23, 179, 5, 
60, 459, 684, 76, 0, 0, 0, 
60, 459, 749, 23, 0, 0, 0, 
60, 460, 726, 44, 0, 0, 0, 
60, 464, 224, 46, 0, 0, 0, 
60, 465, 891, 69, 69, 127, 1.99, 
60, 467, 556, 359, 0, 0, 0, 
60, 471, 725, 25, 22, 26, 2, 
60, 475, 858, 2, 2, 24, 3, 
60, 476, 803, 19, 19, 19, 2, 
60, 478, 904, 183, 183, 2264, 5, 
60, 482, 857, 26, 26, 321, 5, 
60, 495, 578, 23, 23, 13, 2, 
60, 503, 272, 198, 31, 1, 2, 
60, 513, 573, 8, 0, 0, 0, 
60, 516, 88, 11, 0, 0, 0, 
60, 517, 512, 69, 0, 0, 0, 
60, 526, 99, 88, 0, 0, 0, 
60, 526, 572, 31, 26, 12, 1, 
60, 540, 494, 40, 0, 0, 0, 
60, 550, 303, 59, 59, 147, 4, 
60, 551, 236, 69, 68, 184, 3, 
60, 555, 295, 290, 0, 0, 0, 
60, 565, 500, 64, 0, 0, 0, 
60, 566, 118, 933, 933, 5568, 5, 
60, 566, 374, 6, 5, 5, 4, 
60, 578, 170, 18, 0, 0, 0, 
60, 586, 201, 234, 234, 198, 2, 
60, 591, 575, 157, 0, 0, 0, 
60, 597, 586, 391, 0, 0, 0, 
60, 598, 285, 971, 962, 1073, 2, 
60, 602, 609, 1, 0, 0, 0, 
60, 604, 506, 204, 196, 442, 3, 
60, 620, 604, 68, 0, 0, 0, 
60, 628, 441, 11, 10, 22, 2, 
60, 638, 356, 102, 0, 0, 0, 
60, 649, 335, 24, 0, 0, 0, 
60, 656, 111, 502, 0, 0, 0, 
60, 656, 566, 12, 12, 82, 5, 
60, 662, 471, 154, 0, 0, 0, 
60, 664, 614, 20, 0, 0, 0, 
60, 668, 608, 4, 0, 0, 0, 
60, 668, 624, 118, 0, 0, 0, 
60, 669, 449, 39, 39, 202, 5, 
60, 671, 400, 432, 0, 0, 0, 
60, 676, 541, 21, 21, 71, 4, 
60, 682, 431, 9, 0, 0, 0, 
60, 684, 340, 23, 23, 197, 5, 
60, 691, 363, 424, 0, 0, 0, 
60, 693, 599, 51, 0, 0, 0, 
60, 693, 665, 56, 0, 0, 0, 
60, 701, 354, 39, 0, 0, 0, 
60, 703, 585, 22, 0, 0, 0, 
60, 706, 414, 1, 0, 0, 0, 
60, 706, 456, 51, 0, 0, 0, 
60, 707, 459, 31, 31, 86, 4.97, 
60, 708, 486, 179, 0, 0, 0, 
60, 708, 673, 22, 0, 0, 0, 
60, 709, 539, 13, 13, 89, 5, 
60, 714, 589, 105, 0, 0, 0, 
60, 718, 503, 29, 29, 303, 5, 
60, 719, 519, 24, 0, 0, 0, 
60, 719, 584, 168, 0, 0, 0, 
60, 721, 475, 5, 0, 0, 0, 
60, 727, 628, 355, 0, 0, 0, 
60, 728, 603, 20, 20, 260, 5, 
60, 728, 609, 44, 44, 307, 5, 
60, 730, 169, 28, 0, 0, 0, 
60, 732, 586, 66, 66, 724, 4, 
60, 733, 565, 343, 343, 3507, 5, 
60, 739, 405, 75, 64, 27, 1, 
60, 739, 477, 29, 0, 0, 0, 
60, 741, 479, 5, 0, 0, 0, 
60, 741, 575, 35, 35, 412, 5, 
60, 745, 553, 115, 0, 0, 0, 
60, 761, 338, 1, 1, 7, 5, 
60, 762, 492, 6, 4, 1, 1, 
60, 766, 511, 15, 0, 0, 0, 
60, 768, 555, 49, 34, 18, 1, 
60, 779, 25, 194, 0, 0, 0, 
60, 779, 466, 3, 0, 0, 0, 
60, 781, 474, 23, 0, 0, 0, 
60, 783, 269, 205, 40, 373, 5, 
60, 788, 408, 107, 107, 20, 1, 
60, 789, 524, 10, 10, 104, 5, 
60, 795, 550, 15, 0, 0, 0, 
60, 800, 472, 138, 126, 43, 1, 
60, 805, 642, 270, 264, 419, 2, 
60, 808, 479, 4, 4, 4, 1, 
60, 808, 560, 44, 0, 0, 0, 
60, 812, 640, 99, 93, 33, 1, 
60, 813, 524, 41, 0, 0, 0, 
60, 814, 678, 24, 0, 0, 0, 
60, 828, 630, 124, 0, 0, 0, 
60, 829, 548, 147, 147, 211, 2, 
60, 829, 561, 2, 1, 2, 2, 
60, 831, 514, 23, 23, 329, 5, 
60, 833, 35, 174, 0, 0, 0, 
60, 835, 464, 101, 101, 29, 1, 
60, 836, 586, 50, 50, 85, 2, 
60, 838, 465, 296, 296, 312, 2, 
60, 839, 106, 51, 51, 99, 2, 
60, 845, 583, 86, 86, 799, 5, 
60, 846, 402, 4, 4, 12, 2, 
60, 851, 634, 12, 1, 11, 5, 
60, 860, 148, 50, 50, 143, 2, 
60, 861, 31, 213, 0, 0, 0, 
60, 863, 414, 29, 2, 2, 1, 
60, 863, 524, 470, 470, 3787, 5, 
60, 864, 127, 26, 26, 333, 5, 
60, 865, 49, 26, 26, 262, 4.96, 
60, 865, 100, 115, 110, 56, 1, 
60, 866, 615, 185, 0, 0, 0, 
60, 868, 408, 56, 55, 274, 3, 
60, 869, 65, 30, 0, 0, 0, 
60, 879, 114, 1, 1, 8, 3, 
60, 879, 122, 94, 91, 33, 1, 
60, 880, 629, 224, 208, 484, 2, 
60, 882, 421, 10, 0, 0, 0, 
60, 883, 453, 190, 0, 0, 0, 
60, 891, 200, 165, 0, 0, 0, 
60, 891, 664, 6, 0, 0, 0, 
60, 892, 427, 7, 3, 2, 2, 
60, 894, 551, 52, 52, 329, 5, 
60, 894, 556, 29, 0, 0, 0, 
60, 894, 675, 14, 0, 0, 0, 
60, 896, 476, 165, 165, 229, 1.99, 
60, 896, 530, 78, 0, 0, 0, 
60, 898, 55, 9, 0, 0, 0, 
60, 899, 27, 183, 0, 0, 0, 
60, 899, 531, 11, 0, 0, 0, 
60, 902, 102, 337, 0, 0, 0, 
60, 908, 145, 35, 0, 0, 0, 
60, 908, 666, 51, 51, 147, 3, 
60, 909, 153, 203, 199, 120, 1, 
60, 912, 51, 131, 131, 807, 5, 
60, 914, 74, 93, 93, 575, 5, 
60, 921, 588, 200, 198, 390, 2, 
60, 921, 664, 55, 55, 404, 4, 
60, 924, 15, 84, 0, 0, 0, 
60, 924, 349, 469, 0, 0, 0, 
60, 924, 651, 2, 0, 0, 0, 
60, 928, 624, 63, 63, 336, 4.98, 
60, 931, 153, 123, 123, 113, 1, 
60, 932, 644, 16, 16, 17, 1, 
60, 934, 539, 1, 0, 0, 0, 
60, 936, 542, 175, 175, 1354, 5, 
60, 936, 584, 6, 6, 27, 4, 
60, 940, 116, 113, 0, 0, 0, 
60, 941, 521, 49, 0, 0, 0, 
60, 952, 2, 145, 0, 0, 0, 
60, 962, 446, 9, 0, 0, 0, 
60, 967, 467, 133, 0, 0, 0, 
70, 4, 559, 58, 58, 27, 2, 
70, 5, 639, 20, 20, 50, 2, 
70, 6, 651, 14, 0, 0, 0, 
70, 7, 657, 51, 50, 60, 2, 
70, 8, 384, 648, 610, 471, 1, 
70, 12, 609, 9, 0, 0, 0, 
70, 28, 639, 169, 108, 23, 2, 
70, 32, 545, 49, 38, 8, 2, 
70, 32, 560, 18, 15, 17, 1, 
70, 34, 589, 127, 123, 59, 2, 
70, 36, 581, 59, 49, 31, 2, 
70, 40, 529, 442, 0, 0, 0, 
70, 52, 499, 50, 50, 400, 5, 
70, 52, 507, 237, 237, 1716, 5, 
70, 52, 657, 69, 58, 3, 1, 
70, 65, 636, 236, 236, 1740, 5, 
70, 83, 472, 70, 0, 0, 0, 
70, 88, 636, 171, 171, 1596, 5, 
70, 92, 440, 97, 0, 0, 0, 
70, 93, 643, 483, 483, 3239, 5, 
70, 94, 621, 323, 323, 319, 2, 
70, 96, 539, 25, 0, 0, 0, 
70, 103, 469, 15, 14, 5, 2, 
70, 104, 454, 20, 19, 65, 3, 
70, 106, 501, 103, 0, 0, 0, 
70, 119, 519, 28, 0, 0, 0, 
70, 123, 451, 4, 0, 0, 0, 
70, 124, 510, 10, 0, 0, 0, 
70, 128, 340, 47, 15, 4, 2, 
70, 129, 339, 96, 0, 0, 0, 
70, 135, 642, 664, 650, 131, 1, 
70, 137, 669, 9, 0, 0, 0, 
70, 142, 517, 60, 0, 0, 0, 
70, 142, 661, 45, 0, 0, 0, 
70, 143, 329, 3, 3, 7, 5, 
70, 146, 802, 49, 0, 0, 0, 
70, 146, 823, 64, 0, 0, 0, 
70, 147, 448, 152, 0, 0, 0, 
70, 153, 82, 340, 340, 1647, 5, 
70, 155, 800, 7, 0, 0, 0, 
70, 157, 103, 125, 0, 0, 0, 
70, 157, 802, 12, 12, 27, 5, 
70, 158, 606, 2, 2, 36, 4, 
70, 158, 721, 19, 18, 86, 3, 
70, 158, 735, 126, 125, 70, 1, 
70, 158, 753, 16, 16, 36, 2, 
70, 159, 553, 85, 72, 91, 2, 
70, 161, 697, 2, 2, 6, 4.5, 
70, 162, 614, 10, 0, 0, 0, 
70, 165, 339, 65, 65, 189, 3, 
70, 166, 606, 2, 0, 0, 0, 
70, 166, 639, 38, 0, 0, 0, 
70, 167, 536, 80, 80, 415, 5, 
70, 168, 338, 108, 1, 13, 5, 
70, 172, 26, 19, 19, 128, 4.95, 
70, 173, 454, 34, 0, 0, 0, 
70, 175, 292, 33, 29, 33, 2, 
70, 175, 437, 28, 0, 0, 0, 
70, 177, 549, 37, 36, 95, 2, 
70, 179, 102, 711, 0, 0, 0, 
70, 179, 740, 75, 0, 0, 0, 
70, 181, 320, 130, 121, 42, 1, 
70, 182, 759, 47, 47, 471, 5, 
70, 186, 617, 28, 27, 251, 5, 
70, 190, 564, 13, 11, 18, 2, 
70, 191, 629, 80, 80, 633, 4, 
70, 196, 654, 49, 48, 405, 5, 
70, 198, 356, 217, 0, 0, 0, 
70, 200, 189, 603, 0, 0, 0, 
70, 201, 315, 1, 1, 2, 4, 
70, 202, 665, 54, 54, 231, 3, 
70, 203, 359, 15, 0, 0, 0, 
70, 205, 442, 369, 0, 0, 0, 
70, 206, 326, 17, 0, 0, 0, 
70, 207, 530, 23, 0, 0, 0, 
70, 209, 822, 78, 78, 56, 1, 
70, 211, 383, 30, 30, 77, 2, 
70, 211, 792, 8, 8, 91, 5, 
70, 213, 442, 6, 0, 0, 0, 
70, 213, 823, 1, 1, 3, 2, 
70, 217, 613, 67, 61, 118, 2, 
70, 217, 756, 59, 59, 23, 1, 
70, 225, 719, 318, 0, 0, 0, 
70, 226, 645, 119, 0, 0, 0, 
70, 226, 700, 81, 0, 0, 0, 
70, 230, 333, 142, 142, 312, 2, 
70, 230, 357, 80, 6, 62, 4, 
70, 230, 830, 128, 104, 823, 5, 
70, 234, 115, 303, 0, 0, 0, 
70, 234, 524, 17, 17, 13, 2, 
70, 236, 794, 54, 0, 0, 0, 
70, 238, 359, 6, 0, 0, 0, 
70, 240, 743, 51, 51, 120, 5, 
70, 242, 631, 27, 27, 408, 5, 
70, 243, 339, 831, 0, 0, 0, 
70, 244, 455, 158, 158, 1089, 5, 
70, 247, 189, 356, 356, 786, 2, 
70, 247, 798, 214, 214, 1357, 4.99, 
70, 248, 222, 27, 19, 30, 2, 
70, 249, 450, 350, 0, 0, 0, 
70, 251, 636, 76, 76, 1218, 5, 
70, 252, 850, 69, 0, 0, 0, 
70, 255, 780, 14, 0, 0, 0, 
70, 258, 60, 300, 300, 3401, 5, 
70, 258, 184, 156, 0, 0, 0, 
70, 258, 472, 37, 37, 184, 4.95, 
70, 260, 233, 35, 0, 0, 0, 
70, 261, 486, 24, 20, 15, 1, 
70, 263, 149, 945, 941, 655, 1, 
70, 269, 279, 778, 0, 0, 0, 
70, 273, 356, 175, 171, 16, 1, 
70, 273, 485, 27, 27, 174, 4.89, 
70, 273, 536, 51, 51, 84, 2, 
70, 275, 356, 28, 0, 0, 0, 
70, 276, 790, 17, 17, 87, 4, 
70, 278, 566, 12, 0, 0, 0, 
70, 279, 568, 163, 163, 2281, 5, 
70, 284, 162, 34, 34, 271, 4.97, 
70, 288, 592, 2, 0, 0, 0, 
70, 288, 654, 69, 0, 0, 0, 
70, 288, 842, 12, 12, 94, 4.08, 
70, 290, 617, 33, 27, 76, 3, 
70, 291, 126, 36, 36, 65, 2, 
70, 291, 417, 27, 24, 6, 2, 
70, 291, 734, 58, 58, 347, 5, 
70, 295, 665, 46, 46, 645, 5, 
70, 297, 743, 1, 0, 0, 0, 
70, 298, 508, 96, 90, 53, 2, 
70, 299, 312, 77, 77, 37, 1, 
70, 299, 575, 143, 143, 962, 5, 
70, 302, 505, 19, 19, 300, 5, 
70, 302, 811, 4, 0, 0, 0, 
70, 303, 239, 55, 55, 36, 3, 
70, 304, 197, 665, 665, 5496, 5, 
70, 305, 670, 31, 30, 40, 2, 
70, 309, 821, 22, 0, 0, 0, 
70, 310, 620, 74, 22, 3, 1, 
70, 312, 622, 56, 0, 0, 0, 
70, 312, 695, 33, 33, 250, 5, 
70, 314, 670, 28, 28, 198, 5, 
70, 315, 447, 9, 7, 4, 2, 
70, 315, 723, 79, 79, 582, 5, 
70, 315, 742, 95, 70, 39, 2, 
70, 316, 48, 44, 0, 0, 0, 
70, 316, 300, 64, 0, 0, 0, 
70, 316, 339, 275, 240, 75, 1, 
70, 316, 461, 152, 152, 1041, 4, 
70, 317, 640, 2, 2, 18, 3, 
70, 319, 253, 106, 0, 0, 0, 
70, 320, 718, 10, 0, 0, 0, 
70, 321, 200, 259, 0, 0, 0, 
70, 321, 640, 10, 9, 5, 2, 
70, 323, 481, 21, 1, 1, 1, 
70, 325, 696, 88, 0, 0, 0, 
70, 326, 344, 61, 0, 0, 0, 
70, 326, 712, 9, 0, 0, 0, 
70, 330, 523, 245, 227, 28, 1, 
70, 333, 190, 202, 202, 559, 2, 
70, 333, 668, 16, 0, 0, 0, 
70, 335, 252, 20, 0, 0, 0, 
70, 336, 456, 33, 0, 0, 0, 
70, 336, 689, 26, 26, 119, 4, 
70, 336, 692, 24, 24, 210, 5, 
70, 337, 204, 298, 253, 64, 1, 
70, 338, 741, 3, 0, 0, 0, 
70, 342, 95, 113, 110, 72, 2, 
70, 342, 511, 61, 52, 22, 2, 
70, 346, 367, 111, 0, 0, 0, 
70, 346, 684, 112, 112, 38, 1, 
70, 347, 730, 52, 0, 0, 0, 
70, 350, 681, 4, 0, 0, 0, 
70, 350, 891, 30, 13, 140, 5, 
70, 351, 216, 63, 63, 152, 2, 
70, 351, 374, 22, 22, 43, 2, 
70, 352, 67, 453, 0, 0, 0, 
70, 353, 507, 384, 0, 0, 0, 
70, 353, 890, 1, 1, 1, 4, 
70, 356, 338, 33, 33, 177, 4.97, 
70, 361, 235, 92, 0, 0, 0, 
70, 362, 817, 106, 0, 0, 0, 
70, 366, 469, 239, 239, 2456, 5, 
70, 369, 684, 7, 6, 3, 4, 
70, 370, 912, 20, 13, 11, 2, 
70, 371, 200, 3, 0, 0, 0, 
70, 374, 637, 238, 238, 246, 2, 
70, 376, 204, 58, 58, 1035, 5, 
70, 376, 615, 17, 17, 63, 4.88, 
70, 376, 817, 2, 0, 0, 0, 
70, 377, 872, 179, 0, 0, 0, 
70, 379, 770, 154, 0, 0, 0, 
70, 380, 234, 11, 0, 0, 0, 
70, 380, 508, 164, 159, 188, 2, 
70, 386, 111, 68, 56, 5, 1, 
70, 386, 305, 51, 51, 240, 2, 
70, 386, 903, 61, 39, 8, 1, 
70, 388, 674, 10, 10, 9, 1, 
70, 390, 522, 181, 181, 271, 2, 
70, 391, 601, 168, 0, 0, 0, 
70, 393, 653, 84, 0, 0, 0, 
70, 394, 796, 30, 0, 0, 0, 
70, 395, 926, 64, 64, 27, 2, 
70, 397, 684, 258, 258, 1032, 4.93, 
70, 398, 152, 93, 93, 708, 4, 
70, 400, 514, 1018, 1012, 1056, 1.98, 
70, 400, 715, 164, 164, 1957, 5, 
70, 403, 622, 15, 14, 36, 5, 
70, 403, 688, 10, 0, 0, 0, 
70, 412, 863, 7, 7, 26, 2, 
70, 416, 280, 10, 0, 0, 0, 
70, 417, 690, 120, 119, 508, 2, 
70, 418, 529, 6, 0, 0, 0, 
70, 419, 635, 107, 107, 743, 5, 
70, 420, 517, 61, 0, 0, 0, 
70, 422, 191, 12, 12, 88, 3, 
70, 422, 218, 2, 0, 0, 0, 
70, 422, 722, 113, 112, 396, 3, 
70, 423, 549, 45, 0, 0, 0, 
70, 424, 754, 57, 57, 70, 2, 
70, 425, 581, 4, 4, 10, 2.75, 
70, 426, 671, 51, 0, 0, 0, 
70, 429, 648, 147, 136, 37, 1, 
70, 429, 768, 59, 57, 24, 1, 
70, 430, 481, 143, 0, 0, 0, 
70, 432, 36, 425, 0, 0, 0, 
70, 432, 631, 169, 0, 0, 0, 
70, 433, 545, 117, 117, 504, 5, 
70, 437, 152, 490, 490, 798, 2, 
70, 440, 648, 68, 0, 0, 0, 
70, 440, 836, 144, 0, 0, 0, 
70, 446, 853, 55, 55, 450, 5, 
70, 447, 234, 153, 152, 285, 2, 
70, 450, 754, 14, 0, 0, 0, 
70, 451, 248, 54, 0, 0, 0, 
70, 451, 658, 41, 39, 78, 4.74, 
70, 453, 764, 151, 135, 38, 1, 
70, 456, 537, 97, 97, 200, 3, 
70, 456, 573, 4, 0, 0, 0, 
70, 456, 926, 39, 38, 20, 3, 
70, 458, 536, 52, 0, 0, 0, 
70, 459, 742, 5, 0, 0, 0, 
70, 459, 839, 110, 110, 1043, 5, 
70, 460, 835, 174, 0, 0, 0, 
70, 461, 700, 106, 91, 246, 4, 
70, 462, 638, 79, 79, 240, 2, 
70, 464, 166, 61, 61, 391, 5, 
70, 464, 509, 104, 104, 1215, 5, 
70, 465, 756, 205, 205, 1340, 4, 
70, 465, 839, 49, 0, 0, 0, 
70, 469, 757, 20, 20, 108, 4.85, 
70, 470, 170, 189, 0, 0, 0, 
70, 478, 443, 391, 381, 210, 2, 
70, 483, 842, 25, 23, 50, 2, 
70, 483, 903, 66, 0, 0, 0, 
70, 485, 566, 75, 73, 31, 1.96, 
70, 486, 634, 154, 153, 541, 4, 
70, 495, 168, 136, 136, 435, 5, 
70, 519, 83, 77, 66, 24, 3, 
70, 526, 485, 153, 0, 0, 0, 
70, 531, 565, 456, 0, 0, 0, 
70, 533, 486, 202, 197, 240, 2, 
70, 538, 127, 194, 0, 0, 0, 
70, 540, 469, 456, 0, 0, 0, 
70, 546, 315, 107, 107, 704, 5, 
70, 561, 583, 1, 0, 0, 0, 
70, 572, 331, 61, 0, 0, 0, 
70, 575, 97, 34, 0, 0, 0, 
70, 575, 216, 242, 242, 233, 1, 
70, 579, 422, 116, 0, 0, 0, 
70, 585, 334, 1, 1, 6, 4, 
70, 585, 339, 34, 0, 0, 0, 
70, 587, 399, 130, 0, 0, 0, 
70, 590, 430, 319, 239, 2, 1, 
70, 598, 268, 305, 0, 0, 0, 
70, 602, 187, 192, 0, 0, 0, 
70, 606, 358, 83, 0, 0, 0, 
70, 617, 552, 6, 0, 0, 0, 
70, 619, 252, 174, 174, 358, 2, 
70, 621, 590, 24, 0, 0, 0, 
70, 624, 454, 17, 17, 230, 5, 
70, 624, 636, 236, 0, 0, 0, 
70, 626, 423, 57, 0, 0, 0, 
70, 627, 268, 353, 0, 0, 0, 
70, 629, 639, 97, 0, 0, 0, 
70, 635, 599, 26, 26, 210, 4, 
70, 636, 582, 155, 152, 63, 1, 
70, 641, 532, 69, 64, 17, 1, 
70, 642, 226, 31, 0, 0, 0, 
70, 644, 492, 5, 5, 3, 1, 
70, 645, 256, 417, 417, 2117, 3, 
70, 661, 421, 143, 137, 63, 2, 
70, 662, 615, 45, 0, 0, 0, 
70, 671, 580, 91, 0, 0, 0, 
70, 674, 500, 35, 0, 0, 0, 
70, 678, 345, 67, 0, 0, 0, 
70, 682, 566, 59, 0, 0, 0, 
70, 685, 378, 122, 2, 26, 3, 
70, 685, 486, 31, 0, 0, 0, 
70, 689, 446, 1, 1, 10, 4, 
70, 691, 209, 142, 128, 236, 2, 
70, 694, 308, 121, 120, 250, 5, 
70, 696, 351, 250, 241, 85, 1, 
70, 697, 315, 32, 0, 0, 0, 
70, 701, 440, 13, 8, 6, 2, 
70, 701, 607, 4, 0, 0, 0, 
70, 710, 407, 127, 125, 303, 2, 
70, 718, 478, 4, 3, 4, 5, 
70, 718, 671, 30, 30, 22, 1, 
70, 719, 466, 176, 176, 796, 5, 
70, 721, 428, 6, 6, 31, 5, 
70, 723, 520, 6, 0, 0, 0, 
70, 728, 378, 259, 0, 0, 0, 
70, 728, 555, 8, 8, 87, 5, 
70, 734, 168, 42, 37, 29, 2, 
70, 734, 633, 105, 105, 395, 2, 
70, 736, 542, 84, 0, 0, 0, 
70, 739, 637, 22, 0, 0, 0, 
70, 741, 519, 28, 28, 107, 2, 
70, 744, 631, 14, 0, 0, 0, 
70, 744, 650, 19, 0, 0, 0, 
70, 747, 484, 66, 66, 808, 5, 
70, 751, 538, 6, 0, 0, 0, 
70, 752, 598, 65, 0, 0, 0, 
70, 755, 523, 42, 42, 35, 1, 
70, 760, 360, 17, 0, 0, 0, 
70, 762, 491, 39, 39, 424, 5, 
70, 762, 647, 86, 86, 206, 2, 
70, 763, 449, 180, 180, 1899, 5, 
70, 769, 438, 12, 0, 0, 0, 
70, 773, 610, 2, 2, 4, 1, 
70, 776, 410, 35, 20, 22, 2, 
70, 778, 517, 25, 0, 0, 0, 
70, 779, 594, 31, 21, 9, 2, 
70, 780, 359, 203, 0, 0, 0, 
70, 781, 589, 33, 33, 205, 4, 
70, 787, 35, 143, 5, 42, 5, 
70, 787, 519, 32, 0, 0, 0, 
70, 788, 607, 1, 0, 0, 0, 
70, 790, 489, 81, 79, 192, 2, 
70, 791, 608, 55, 24, 11, 1.96, 
70, 802, 474, 35, 35, 231, 3, 
70, 802, 480, 98, 0, 0, 0, 
70, 806, 618, 19, 19, 191, 4, 
70, 812, 469, 18, 14, 15, 2, 
70, 812, 635, 77, 0, 0, 0, 
70, 813, 644, 80, 78, 424, 3, 
70, 814, 602, 5, 0, 0, 0, 
70, 819, 535, 30, 30, 15, 2, 
70, 821, 484, 132, 0, 0, 0, 
70, 823, 539, 194, 188, 77, 1, 
70, 824, 635, 58, 58, 810, 5, 
70, 827, 515, 93, 0, 0, 0, 
70, 827, 664, 10, 10, 151, 5, 
70, 828, 523, 50, 50, 498, 5, 
70, 828, 553, 172, 171, 271, 2, 
70, 830, 616, 107, 106, 99, 1, 
70, 832, 453, 106, 0, 0, 0, 
70, 837, 630, 3, 3, 5, 2, 
70, 838, 627, 254, 230, 45, 1, 
70, 839, 47, 2, 0, 0, 0, 
70, 842, 22, 89, 89, 142, 1.94, 
70, 842, 487, 50, 0, 0, 0, 
70, 847, 461, 124, 0, 0, 0, 
70, 848, 157, 285, 285, 142, 1, 
70, 848, 673, 14, 0, 0, 0, 
70, 854, 493, 250, 250, 1497, 5, 
70, 855, 334, 171, 171, 309, 2, 
70, 857, 34, 16, 16, 124, 5, 
70, 857, 491, 26, 26, 38, 2, 
70, 858, 122, 293, 293, 1668, 3, 
70, 859, 311, 117, 117, 988, 5, 
70, 861, 627, 157, 0, 0, 0, 
70, 863, 452, 1, 0, 0, 0, 
70, 864, 113, 220, 0, 0, 0, 
70, 865, 38, 29, 27, 38, 2, 
70, 865, 204, 65, 1, 10, 4, 
70, 865, 647, 56, 0, 0, 0, 
70, 866, 638, 219, 219, 312, 2, 
70, 868, 49, 128, 121, 231, 2, 
70, 869, 644, 35, 0, 0, 0, 
70, 870, 416, 166, 139, 96, 2, 
70, 871, 669, 37, 26, 25, 2, 
70, 872, 94, 221, 0, 0, 0, 
70, 872, 103, 75, 0, 0, 0, 
70, 872, 485, 38, 0, 0, 0, 
70, 874, 667, 109, 0, 0, 0, 
70, 875, 89, 48, 0, 0, 0, 
70, 876, 464, 18, 18, 36, 2, 
70, 881, 593, 105, 0, 0, 0, 
70, 881, 643, 170, 170, 898, 4.99, 
70, 882, 615, 48, 48, 185, 4.92, 
70, 887, 124, 85, 85, 158, 2, 
70, 890, 524, 20, 20, 130, 4.95, 
70, 890, 648, 25, 0, 0, 0, 
70, 892, 114, 133, 0, 0, 0, 
70, 892, 142, 40, 0, 0, 0, 
70, 892, 488, 17, 17, 144, 5, 
70, 894, 49, 426, 0, 0, 0, 
70, 898, 339, 594, 594, 3975, 5, 
70, 899, 451, 46, 0, 0, 0, 
70, 903, 327, 572, 0, 0, 0, 
70, 904, 482, 204, 204, 2369, 5, 
70, 905, 515, 3, 0, 0, 0, 
70, 908, 91, 46, 0, 0, 0, 
70, 910, 521, 39, 0, 0, 0, 
70, 914, 537, 206, 206, 1597, 5, 
70, 915, 648, 1, 0, 0, 0, 
70, 918, 654, 60, 60, 155, 2, 
70, 919, 271, 35, 35, 67, 2, 
70, 919, 322, 138, 137, 352, 2, 
70, 919, 514, 118, 117, 39, 1, 
70, 919, 674, 85, 0, 0, 0, 
70, 920, 426, 4, 4, 40, 4, 
70, 920, 583, 140, 137, 70, 2, 
70, 922, 440, 95, 95, 948, 5, 
70, 924, 467, 87, 87, 985, 5, 
70, 929, 79, 161, 36, 272, 5, 
70, 929, 396, 530, 0, 0, 0, 
70, 933, 238, 567, 0, 0, 0, 
70, 935, 408, 32, 32, 43, 2, 
70, 935, 444, 111, 111, 1382, 5, 
70, 939, 167, 16, 0, 0, 0, 
70, 941, 106, 110, 110, 164, 2, 
70, 943, 23, 204, 123, 31, 1, 
70, 943, 149, 520, 0, 0, 0, 
70, 945, 644, 123, 123, 366, 2, 
70, 949, 54, 127, 127, 143, 2, 
70, 968, 565, 231, 0, 0, 0, 
