<landisMetadata><extension name="Output Leaf Biomass" timeInterval="10"><scenario-replication timeMin="0" timeMax="100" rasterOutCellArea="1" /><outputs><output type="Table" name="SppBiomassLog" filePath="spp-biomass-log.csv" visualize="True" MetadataFilePath="Metadata\Output Leaf Biomass\SppBiomassLog_Metadata.xml" /><output type="Map" name="Species Biomass Map: abiebals" filePath="output-leaf-biomass/abiebals-{timestep}.img" visualize="True" unit="g Biomass m-2" dataType="Continuous" /><output type="Map" name="Species Biomass Map: acernegu" filePath="output-leaf-biomass/acernegu-{timestep}.img" visualize="True" unit="g Biomass m-2" dataType="Continuous" /><output type="Map" name="Species Biomass Map: acerrubr" filePath="output-leaf-biomass/acerrubr-{timestep}.img" visualize="True" unit="g Biomass m-2" dataType="Continuous" /><output type="Map" name="Species Biomass Map: acersacc" filePath="output-leaf-biomass/acersacc-{timestep}.img" visualize="True" unit="g Biomass m-2" dataType="Continuous" /><output type="Map" name="Species Biomass Map: acerspic" filePath="output-leaf-biomass/acerspic-{timestep}.img" visualize="False" unit="g Biomass m-2" dataType="Continuous" /><output type="Map" name="Species Biomass Map: betualle" filePath="output-leaf-biomass/betualle-{timestep}.img" visualize="True" unit="g Biomass m-2" dataType="Continuous" /><output type="Map" name="Species Biomass Map: betupapy" filePath="output-leaf-biomass/betupapy-{timestep}.img" visualize="True" unit="g Biomass m-2" dataType="Continuous" /><output type="Map" name="Species Biomass Map: celtis" filePath="output-leaf-biomass/celtis-{timestep}.img" visualize="False" unit="g Biomass m-2" dataType="Continuous" /><output type="Map" name="Species Biomass Map: fraxamer" filePath="output-leaf-biomass/fraxamer-{timestep}.img" visualize="True" unit="g Biomass m-2" dataType="Continuous" /><output type="Map" name="Species Biomass Map: fraxnigr" filePath="output-leaf-biomass/fraxnigr-{timestep}.img" visualize="True" unit="g Biomass m-2" dataType="Continuous"/></outputs></extension></landisMetadata>
