<landisMetadata><output><extension name="Output Leaf Biomass" metadataFilePath="Output Leaf Biomass.xml" /><fields><field name="Time" description="Simulation Year" unit="year" /><field name="Ecoregion" description="Ecoregion Name" /><field name="EcoregionIndex" description="Ecoregion Index" /><field name="NumSites" description="Number of Sites" unit="count" /><field name="SppBiomass_abiebals" description="Species Biomass" unit="g Biomass m-2" format="0.0" /><field name="SppBiomass_acernegu" description="Species Biomass" unit="g Biomass m-2" format="0.0" /><field name="SppBiomass_acerrubr" description="Species Biomass" unit="g Biomass m-2" format="0.0" /><field name="SppBiomass_acersacc" description="Species Biomass" unit="g Biomass m-2" format="0.0" /><field name="SppBiomass_acerspic" description="Species Biomass" unit="g Biomass m-2" format="0.0" /><field name="SppBiomass_betualle" description="Species Biomass" unit="g Biomass m-2" format="0.0" /><field name="SppBiomass_betupapy" description="Species Biomass" unit="g Biomass m-2" format="0.0" /><field name="SppBiomass_celtis" description="Species Biomass" unit="g Biomass m-2" format="0.0" /><field name="SppBiomass_fraxamer" description="Species Biomass" unit="g Biomass m-2" format="0.0" /><field name="SppBiomass_fraxnigr" description="Species Biomass" unit="g Biomass m-2" format="0.0" /></fields></output></landisMetadata>
