 <landisPreProcProject projectName="Chippewa National Forest Landscape">
    <input>
        <scenarios>
<scenario inputPath="CNF_Landscape_Historic-LinearWind" displayName="Baseline Climate, BaseWind"/>  
<scenario inputPath="CNF_Landscape_CSIRO_85-Wind" displayName="Climate Change, BaseWind"/>  
</scenarios>
        <spatialRefernce>
            <projection proj4="+proj=utm +zone=15 +ellps=GRS80 +datum=NAD83 +units=m +no_defs" />
            <extent ulx="373434.717985773" uly="5300017.52204077" lrx="466234.717985773" lry="5202717.52204077" />
        </spatialRefernce>
    </input>
    <output>
        <map> 
            <zoom min="7" max="11" init="9" />
            <baseMap source="osm" brightness="0" contrast="1" saturation="0" />
            <legend initClassCount="3" sequentialCol="Reds" divergingCol="PiYG" qualitativeCol="Paired"/>
        </map>
    </output>
</landisPreProcProject>